ID,Latitude,Longitude,Date,MODIS_Tile,MOD16A2GF_006_Line_Y_500m,MOD16A2GF_006_Sample_X_500m,MOD16A2GF_006_ET_500m,MOD16A2GF_006_PET_500m,MOD16A2GF_006_ET_QC_500m,MOD16A2GF_006_ET_QC_500m_bitmask,MOD16A2GF_006_ET_QC_500m_MODLAND,MOD16A2GF_006_ET_QC_500m_MODLAND_Description,MOD16A2GF_006_ET_QC_500m_Sensor,MOD16A2GF_006_ET_QC_500m_Sensor_Description,MOD16A2GF_006_ET_QC_500m_DeadDetector,MOD16A2GF_006_ET_QC_500m_DeadDetector_Description,MOD16A2GF_006_ET_QC_500m_CloudState,MOD16A2GF_006_ET_QC_500m_CloudState_Description,MOD16A2GF_006_ET_QC_500m_SCF_QC,MOD16A2GF_006_ET_QC_500m_SCF_QC_Description
85,34.15750735,-117.9425384,12/27/2013,h08v05,1402,576,1.3000001,24.3000011,0,0b00000000,0b0,Good quality (main algorithm with or without saturation),0b0,Terra,0b0,"Detectors apparently fine for up to 50% of channels 1, 2",0b00,Significant clouds NOT present (clear),0b000,"Main (RT) method used, best result possible (no saturation)"
85,34.15750735,-117.9425384,1/1/2014,h08v05,1402,576,1.7,37.9000015,0,0b00000000,0b0,Good quality (main algorithm with or without saturation),0b0,Terra,0b0,"Detectors apparently fine for up to 50% of channels 1, 2",0b00,Significant clouds NOT present (clear),0b000,"Main (RT) method used, best result possible (no saturation)"
85,34.15750735,-117.9425384,1/9/2014,h08v05,1402,576,2.8,35.6000023,0,0b00000000,0b0,Good quality (main algorithm with or without saturation),0b0,Terra,0b0,"Detectors apparently fine for up to 50% of channels 1, 2",0b00,Significant clouds NOT present (clear),0b000,"Main (RT) method used, best result possible (no saturation)"
85,34.15750735,-117.9425384,1/17/2014,h08v05,1402,576,1.3000001,43.1000023,0,0b00000000,0b0,Good quality (main algorithm with or without saturation),0b0,Terra,0b0,"Detectors apparently fine for up to 50% of channels 1, 2",0b00,Significant clouds NOT present (clear),0b000,"Main (RT) method used, best result possible (no saturation)"
85,34.15750735,-117.9425384,1/25/2014,h08v05,1402,576,4.0999999,30.3999996,0,0b00000000,0b0,Good quality (main algorithm with or without saturation),0b0,Terra,0b0,"Detectors apparently fine for up to 50% of channels 1, 2",0b00,Significant clouds NOT present (clear),0b000,"Main (RT) method used, best result possible (no saturation)"
85,34.15750735,-117.9425384,2/2/2014,h08v05,1402,576,6.3000002,25.8999996,0,0b00000000,0b0,Good quality (main algorithm with or without saturation),0b0,Terra,0b0,"Detectors apparently fine for up to 50% of channels 1, 2",0b00,Significant clouds NOT present (clear),0b000,"Main (RT) method used, best result possible (no saturation)"
85,34.15750735,-117.9425384,2/10/2014,h08v05,1402,576,3.2,42.9000015,0,0b00000000,0b0,Good quality (main algorithm with or without saturation),0b0,Terra,0b0,"Detectors apparently fine for up to 50% of channels 1, 2",0b00,Significant clouds NOT present (clear),0b000,"Main (RT) method used, best result possible (no saturation)"
85,34.15750735,-117.9425384,2/18/2014,h08v05,1402,576,3.9000001,43.5,0,0b00000000,0b0,Good quality (main algorithm with or without saturation),0b0,Terra,0b0,"Detectors apparently fine for up to 50% of channels 1, 2",0b00,Significant clouds NOT present (clear),0b000,"Main (RT) method used, best result possible (no saturation)"
85,34.15750735,-117.9425384,2/26/2014,h08v05,1402,576,8,26.5,0,0b00000000,0b0,Good quality (main algorithm with or without saturation),0b0,Terra,0b0,"Detectors apparently fine for up to 50% of channels 1, 2",0b00,Significant clouds NOT present (clear),0b000,"Main (RT) method used, best result possible (no saturation)"
85,34.15750735,-117.9425384,3/6/2014,h08v05,1402,576,4,49.7000008,16,0b00010000,0b0,Good quality (main algorithm with or without saturation),0b0,Terra,0b0,"Detectors apparently fine for up to 50% of channels 1, 2",0b10,Mixed cloud present on pixel,0b000,"Main (RT) method used, best result possible (no saturation)"
85,34.15750735,-117.9425384,3/14/2014,h08v05,1402,576,5.8000002,51,0,0b00000000,0b0,Good quality (main algorithm with or without saturation),0b0,Terra,0b0,"Detectors apparently fine for up to 50% of channels 1, 2",0b00,Significant clouds NOT present (clear),0b000,"Main (RT) method used, best result possible (no saturation)"
85,34.15750735,-117.9425384,3/22/2014,h08v05,1402,576,9,39.4000015,16,0b00010000,0b0,Good quality (main algorithm with or without saturation),0b0,Terra,0b0,"Detectors apparently fine for up to 50% of channels 1, 2",0b10,Mixed cloud present on pixel,0b000,"Main (RT) method used, best result possible (no saturation)"
85,34.15750735,-117.9425384,3/30/2014,h08v05,1402,576,7.8000002,43.4000015,0,0b00000000,0b0,Good quality (main algorithm with or without saturation),0b0,Terra,0b0,"Detectors apparently fine for up to 50% of channels 1, 2",0b00,Significant clouds NOT present (clear),0b000,"Main (RT) method used, best result possible (no saturation)"
85,34.15750735,-117.9425384,4/7/2014,h08v05,1402,576,9.9000006,58.2000008,0,0b00000000,0b0,Good quality (main algorithm with or without saturation),0b0,Terra,0b0,"Detectors apparently fine for up to 50% of channels 1, 2",0b00,Significant clouds NOT present (clear),0b000,"Main (RT) method used, best result possible (no saturation)"
85,34.15750735,-117.9425384,4/15/2014,h08v05,1402,576,9.5,55.1000023,0,0b00000000,0b0,Good quality (main algorithm with or without saturation),0b0,Terra,0b0,"Detectors apparently fine for up to 50% of channels 1, 2",0b00,Significant clouds NOT present (clear),0b000,"Main (RT) method used, best result possible (no saturation)"
85,34.15750735,-117.9425384,4/23/2014,h08v05,1402,576,10,59.9000015,0,0b00000000,0b0,Good quality (main algorithm with or without saturation),0b0,Terra,0b0,"Detectors apparently fine for up to 50% of channels 1, 2",0b00,Significant clouds NOT present (clear),0b000,"Main (RT) method used, best result possible (no saturation)"
85,34.15750735,-117.9425384,5/1/2014,h08v05,1402,576,10.1999998,62.9000015,0,0b00000000,0b0,Good quality (main algorithm with or without saturation),0b0,Terra,0b0,"Detectors apparently fine for up to 50% of channels 1, 2",0b00,Significant clouds NOT present (clear),0b000,"Main (RT) method used, best result possible (no saturation)"
85,34.15750735,-117.9425384,5/9/2014,h08v05,1402,576,5.8000002,73.3000031,0,0b00000000,0b0,Good quality (main algorithm with or without saturation),0b0,Terra,0b0,"Detectors apparently fine for up to 50% of channels 1, 2",0b00,Significant clouds NOT present (clear),0b000,"Main (RT) method used, best result possible (no saturation)"
85,34.15750735,-117.9425384,5/17/2014,h08v05,1402,576,10.8000002,55.5,0,0b00000000,0b0,Good quality (main algorithm with or without saturation),0b0,Terra,0b0,"Detectors apparently fine for up to 50% of channels 1, 2",0b00,Significant clouds NOT present (clear),0b000,"Main (RT) method used, best result possible (no saturation)"
85,34.15750735,-117.9425384,5/25/2014,h08v05,1402,576,9,66.2000046,0,0b00000000,0b0,Good quality (main algorithm with or without saturation),0b0,Terra,0b0,"Detectors apparently fine for up to 50% of channels 1, 2",0b00,Significant clouds NOT present (clear),0b000,"Main (RT) method used, best result possible (no saturation)"
85,34.15750735,-117.9425384,6/2/2014,h08v05,1402,576,6.9000001,70.4000015,0,0b00000000,0b0,Good quality (main algorithm with or without saturation),0b0,Terra,0b0,"Detectors apparently fine for up to 50% of channels 1, 2",0b00,Significant clouds NOT present (clear),0b000,"Main (RT) method used, best result possible (no saturation)"
85,34.15750735,-117.9425384,6/10/2014,h08v05,1402,576,9.3000002,61.7999992,0,0b00000000,0b0,Good quality (main algorithm with or without saturation),0b0,Terra,0b0,"Detectors apparently fine for up to 50% of channels 1, 2",0b00,Significant clouds NOT present (clear),0b000,"Main (RT) method used, best result possible (no saturation)"
85,34.15750735,-117.9425384,6/18/2014,h08v05,1402,576,7.9000001,66.7000046,0,0b00000000,0b0,Good quality (main algorithm with or without saturation),0b0,Terra,0b0,"Detectors apparently fine for up to 50% of channels 1, 2",0b00,Significant clouds NOT present (clear),0b000,"Main (RT) method used, best result possible (no saturation)"
85,34.15750735,-117.9425384,6/26/2014,h08v05,1402,576,7.8000002,65.3000031,0,0b00000000,0b0,Good quality (main algorithm with or without saturation),0b0,Terra,0b0,"Detectors apparently fine for up to 50% of channels 1, 2",0b00,Significant clouds NOT present (clear),0b000,"Main (RT) method used, best result possible (no saturation)"
85,34.15750735,-117.9425384,7/4/2014,h08v05,1402,576,7.2000003,70.9000015,0,0b00000000,0b0,Good quality (main algorithm with or without saturation),0b0,Terra,0b0,"Detectors apparently fine for up to 50% of channels 1, 2",0b00,Significant clouds NOT present (clear),0b000,"Main (RT) method used, best result possible (no saturation)"
85,34.15750735,-117.9425384,7/12/2014,h08v05,1402,576,7,64.2000046,0,0b00000000,0b0,Good quality (main algorithm with or without saturation),0b0,Terra,0b0,"Detectors apparently fine for up to 50% of channels 1, 2",0b00,Significant clouds NOT present (clear),0b000,"Main (RT) method used, best result possible (no saturation)"
85,34.15750735,-117.9425384,7/20/2014,h08v05,1402,576,7,66.4000015,0,0b00000000,0b0,Good quality (main algorithm with or without saturation),0b0,Terra,0b0,"Detectors apparently fine for up to 50% of channels 1, 2",0b00,Significant clouds NOT present (clear),0b000,"Main (RT) method used, best result possible (no saturation)"
85,34.15750735,-117.9425384,7/28/2014,h08v05,1402,576,4.0999999,60.1000023,0,0b00000000,0b0,Good quality (main algorithm with or without saturation),0b0,Terra,0b0,"Detectors apparently fine for up to 50% of channels 1, 2",0b00,Significant clouds NOT present (clear),0b000,"Main (RT) method used, best result possible (no saturation)"
85,34.15750735,-117.9425384,8/5/2014,h08v05,1402,576,7.7000003,65.2000046,0,0b00000000,0b0,Good quality (main algorithm with or without saturation),0b0,Terra,0b0,"Detectors apparently fine for up to 50% of channels 1, 2",0b00,Significant clouds NOT present (clear),0b000,"Main (RT) method used, best result possible (no saturation)"
85,34.15750735,-117.9425384,8/13/2014,h08v05,1402,576,5.5999999,65.5999985,0,0b00000000,0b0,Good quality (main algorithm with or without saturation),0b0,Terra,0b0,"Detectors apparently fine for up to 50% of channels 1, 2",0b00,Significant clouds NOT present (clear),0b000,"Main (RT) method used, best result possible (no saturation)"
85,34.15750735,-117.9425384,8/21/2014,h08v05,1402,576,6.7000003,60.6000023,0,0b00000000,0b0,Good quality (main algorithm with or without saturation),0b0,Terra,0b0,"Detectors apparently fine for up to 50% of channels 1, 2",0b00,Significant clouds NOT present (clear),0b000,"Main (RT) method used, best result possible (no saturation)"
85,34.15750735,-117.9425384,8/29/2014,h08v05,1402,576,5,62.7999992,0,0b00000000,0b0,Good quality (main algorithm with or without saturation),0b0,Terra,0b0,"Detectors apparently fine for up to 50% of channels 1, 2",0b00,Significant clouds NOT present (clear),0b000,"Main (RT) method used, best result possible (no saturation)"
85,34.15750735,-117.9425384,9/6/2014,h08v05,1402,576,2.9000001,63.7999992,0,0b00000000,0b0,Good quality (main algorithm with or without saturation),0b0,Terra,0b0,"Detectors apparently fine for up to 50% of channels 1, 2",0b00,Significant clouds NOT present (clear),0b000,"Main (RT) method used, best result possible (no saturation)"
85,34.15750735,-117.9425384,9/14/2014,h08v05,1402,576,3.9000001,60,0,0b00000000,0b0,Good quality (main algorithm with or without saturation),0b0,Terra,0b0,"Detectors apparently fine for up to 50% of channels 1, 2",0b00,Significant clouds NOT present (clear),0b000,"Main (RT) method used, best result possible (no saturation)"
85,34.15750735,-117.9425384,9/22/2014,h08v05,1402,576,4.8000002,52.9000015,0,0b00000000,0b0,Good quality (main algorithm with or without saturation),0b0,Terra,0b0,"Detectors apparently fine for up to 50% of channels 1, 2",0b00,Significant clouds NOT present (clear),0b000,"Main (RT) method used, best result possible (no saturation)"
85,34.15750735,-117.9425384,9/30/2014,h08v05,1402,576,1.7,60,0,0b00000000,0b0,Good quality (main algorithm with or without saturation),0b0,Terra,0b0,"Detectors apparently fine for up to 50% of channels 1, 2",0b00,Significant clouds NOT present (clear),0b000,"Main (RT) method used, best result possible (no saturation)"
85,34.15750735,-117.9425384,10/8/2014,h08v05,1402,576,3.5,48.1000023,0,0b00000000,0b0,Good quality (main algorithm with or without saturation),0b0,Terra,0b0,"Detectors apparently fine for up to 50% of channels 1, 2",0b00,Significant clouds NOT present (clear),0b000,"Main (RT) method used, best result possible (no saturation)"
85,34.15750735,-117.9425384,10/16/2014,h08v05,1402,576,4.5,40.7000008,0,0b00000000,0b0,Good quality (main algorithm with or without saturation),0b0,Terra,0b0,"Detectors apparently fine for up to 50% of channels 1, 2",0b00,Significant clouds NOT present (clear),0b000,"Main (RT) method used, best result possible (no saturation)"
85,34.15750735,-117.9425384,10/24/2014,h08v05,1402,576,3.9000001,42.7999992,0,0b00000000,0b0,Good quality (main algorithm with or without saturation),0b0,Terra,0b0,"Detectors apparently fine for up to 50% of channels 1, 2",0b00,Significant clouds NOT present (clear),0b000,"Main (RT) method used, best result possible (no saturation)"
85,34.15750735,-117.9425384,11/1/2014,h08v05,1402,576,3.7,42.6000023,0,0b00000000,0b0,Good quality (main algorithm with or without saturation),0b0,Terra,0b0,"Detectors apparently fine for up to 50% of channels 1, 2",0b00,Significant clouds NOT present (clear),0b000,"Main (RT) method used, best result possible (no saturation)"
85,34.15750735,-117.9425384,11/9/2014,h08v05,1402,576,6.2000003,26.8000011,0,0b00000000,0b0,Good quality (main algorithm with or without saturation),0b0,Terra,0b0,"Detectors apparently fine for up to 50% of channels 1, 2",0b00,Significant clouds NOT present (clear),0b000,"Main (RT) method used, best result possible (no saturation)"
85,34.15750735,-117.9425384,11/17/2014,h08v05,1402,576,2.7,34.5,16,0b00010000,0b0,Good quality (main algorithm with or without saturation),0b0,Terra,0b0,"Detectors apparently fine for up to 50% of channels 1, 2",0b10,Mixed cloud present on pixel,0b000,"Main (RT) method used, best result possible (no saturation)"
85,34.15750735,-117.9425384,11/25/2014,h08v05,1402,576,3.7,32.7999992,0,0b00000000,0b0,Good quality (main algorithm with or without saturation),0b0,Terra,0b0,"Detectors apparently fine for up to 50% of channels 1, 2",0b00,Significant clouds NOT present (clear),0b000,"Main (RT) method used, best result possible (no saturation)"
85,34.15750735,-117.9425384,12/3/2014,h08v05,1402,576,5.5,24,0,0b00000000,0b0,Good quality (main algorithm with or without saturation),0b0,Terra,0b0,"Detectors apparently fine for up to 50% of channels 1, 2",0b00,Significant clouds NOT present (clear),0b000,"Main (RT) method used, best result possible (no saturation)"
85,34.15750735,-117.9425384,12/11/2014,h08v05,1402,576,7.0999999,15.6999998,8,0b00001000,0b0,Good quality (main algorithm with or without saturation),0b0,Terra,0b0,"Detectors apparently fine for up to 50% of channels 1, 2",0b01,Significant clouds WERE present,0b000,"Main (RT) method used, best result possible (no saturation)"
85,34.15750735,-117.9425384,12/19/2014,h08v05,1402,576,4.2000003,24.3999996,16,0b00010000,0b0,Good quality (main algorithm with or without saturation),0b0,Terra,0b0,"Detectors apparently fine for up to 50% of channels 1, 2",0b10,Mixed cloud present on pixel,0b000,"Main (RT) method used, best result possible (no saturation)"
85,34.15750735,-117.9425384,12/27/2014,h08v05,1402,576,2.5,14.9000006,0,0b00000000,0b0,Good quality (main algorithm with or without saturation),0b0,Terra,0b0,"Detectors apparently fine for up to 50% of channels 1, 2",0b00,Significant clouds NOT present (clear),0b000,"Main (RT) method used, best result possible (no saturation)"
85,34.15750735,-117.9425384,1/1/2015,h08v05,1402,576,3.3,31.5,0,0b00000000,0b0,Good quality (main algorithm with or without saturation),0b0,Terra,0b0,"Detectors apparently fine for up to 50% of channels 1, 2",0b00,Significant clouds NOT present (clear),0b000,"Main (RT) method used, best result possible (no saturation)"
85,34.15750735,-117.9425384,1/9/2015,h08v05,1402,576,6.0999999,23.7000008,0,0b00000000,0b0,Good quality (main algorithm with or without saturation),0b0,Terra,0b0,"Detectors apparently fine for up to 50% of channels 1, 2",0b00,Significant clouds NOT present (clear),0b000,"Main (RT) method used, best result possible (no saturation)"
85,34.15750735,-117.9425384,1/17/2015,h08v05,1402,576,5.0999999,32.2000008,0,0b00000000,0b0,Good quality (main algorithm with or without saturation),0b0,Terra,0b0,"Detectors apparently fine for up to 50% of channels 1, 2",0b00,Significant clouds NOT present (clear),0b000,"Main (RT) method used, best result possible (no saturation)"
85,34.15750735,-117.9425384,1/25/2015,h08v05,1402,576,6.2000003,24.8000011,0,0b00000000,0b0,Good quality (main algorithm with or without saturation),0b0,Terra,0b0,"Detectors apparently fine for up to 50% of channels 1, 2",0b00,Significant clouds NOT present (clear),0b000,"Main (RT) method used, best result possible (no saturation)"
85,34.15750735,-117.9425384,2/2/2015,h08v05,1402,576,8.3000002,34.2999992,0,0b00000000,0b0,Good quality (main algorithm with or without saturation),0b0,Terra,0b0,"Detectors apparently fine for up to 50% of channels 1, 2",0b00,Significant clouds NOT present (clear),0b000,"Main (RT) method used, best result possible (no saturation)"
85,34.15750735,-117.9425384,2/10/2015,h08v05,1402,576,9.1999998,40.9000015,0,0b00000000,0b0,Good quality (main algorithm with or without saturation),0b0,Terra,0b0,"Detectors apparently fine for up to 50% of channels 1, 2",0b00,Significant clouds NOT present (clear),0b000,"Main (RT) method used, best result possible (no saturation)"
85,34.15750735,-117.9425384,2/18/2015,h08v05,1402,576,8.9000006,32.7999992,0,0b00000000,0b0,Good quality (main algorithm with or without saturation),0b0,Terra,0b0,"Detectors apparently fine for up to 50% of channels 1, 2",0b00,Significant clouds NOT present (clear),0b000,"Main (RT) method used, best result possible (no saturation)"
85,34.15750735,-117.9425384,2/26/2015,h08v05,1402,576,10.8000002,32,0,0b00000000,0b0,Good quality (main algorithm with or without saturation),0b0,Terra,0b0,"Detectors apparently fine for up to 50% of channels 1, 2",0b00,Significant clouds NOT present (clear),0b000,"Main (RT) method used, best result possible (no saturation)"
85,34.15750735,-117.9425384,3/6/2015,h08v05,1402,576,9.5,48.9000015,0,0b00000000,0b0,Good quality (main algorithm with or without saturation),0b0,Terra,0b0,"Detectors apparently fine for up to 50% of channels 1, 2",0b00,Significant clouds NOT present (clear),0b000,"Main (RT) method used, best result possible (no saturation)"
85,34.15750735,-117.9425384,3/14/2015,h08v05,1402,576,8.8000002,45.2999992,0,0b00000000,0b0,Good quality (main algorithm with or without saturation),0b0,Terra,0b0,"Detectors apparently fine for up to 50% of channels 1, 2",0b00,Significant clouds NOT present (clear),0b000,"Main (RT) method used, best result possible (no saturation)"
85,34.15750735,-117.9425384,3/22/2015,h08v05,1402,576,9.1999998,53.7000008,0,0b00000000,0b0,Good quality (main algorithm with or without saturation),0b0,Terra,0b0,"Detectors apparently fine for up to 50% of channels 1, 2",0b00,Significant clouds NOT present (clear),0b000,"Main (RT) method used, best result possible (no saturation)"
85,34.15750735,-117.9425384,3/30/2015,h08v05,1402,576,9.5,53,0,0b00000000,0b0,Good quality (main algorithm with or without saturation),0b0,Terra,0b0,"Detectors apparently fine for up to 50% of channels 1, 2",0b00,Significant clouds NOT present (clear),0b000,"Main (RT) method used, best result possible (no saturation)"
85,34.15750735,-117.9425384,4/7/2015,h08v05,1402,576,9.5,47.7999992,0,0b00000000,0b0,Good quality (main algorithm with or without saturation),0b0,Terra,0b0,"Detectors apparently fine for up to 50% of channels 1, 2",0b00,Significant clouds NOT present (clear),0b000,"Main (RT) method used, best result possible (no saturation)"
85,34.15750735,-117.9425384,4/15/2015,h08v05,1402,576,9.1000004,55.9000015,0,0b00000000,0b0,Good quality (main algorithm with or without saturation),0b0,Terra,0b0,"Detectors apparently fine for up to 50% of channels 1, 2",0b00,Significant clouds NOT present (clear),0b000,"Main (RT) method used, best result possible (no saturation)"
85,34.15750735,-117.9425384,4/23/2015,h08v05,1402,576,11.4000006,53.1000023,0,0b00000000,0b0,Good quality (main algorithm with or without saturation),0b0,Terra,0b0,"Detectors apparently fine for up to 50% of channels 1, 2",0b00,Significant clouds NOT present (clear),0b000,"Main (RT) method used, best result possible (no saturation)"
85,34.15750735,-117.9425384,5/1/2015,h08v05,1402,576,11.1999998,53.7000008,0,0b00000000,0b0,Good quality (main algorithm with or without saturation),0b0,Terra,0b0,"Detectors apparently fine for up to 50% of channels 1, 2",0b00,Significant clouds NOT present (clear),0b000,"Main (RT) method used, best result possible (no saturation)"
85,34.15750735,-117.9425384,5/9/2015,h08v05,1402,576,11,48.9000015,0,0b00000000,0b0,Good quality (main algorithm with or without saturation),0b0,Terra,0b0,"Detectors apparently fine for up to 50% of channels 1, 2",0b00,Significant clouds NOT present (clear),0b000,"Main (RT) method used, best result possible (no saturation)"
85,34.15750735,-117.9425384,5/17/2015,h08v05,1402,576,15,47.7999992,0,0b00000000,0b0,Good quality (main algorithm with or without saturation),0b0,Terra,0b0,"Detectors apparently fine for up to 50% of channels 1, 2",0b00,Significant clouds NOT present (clear),0b000,"Main (RT) method used, best result possible (no saturation)"
85,34.15750735,-117.9425384,5/25/2015,h08v05,1402,576,10,61.4000015,0,0b00000000,0b0,Good quality (main algorithm with or without saturation),0b0,Terra,0b0,"Detectors apparently fine for up to 50% of channels 1, 2",0b00,Significant clouds NOT present (clear),0b000,"Main (RT) method used, best result possible (no saturation)"
85,34.15750735,-117.9425384,6/2/2015,h08v05,1402,576,10.9000006,60.7000008,0,0b00000000,0b0,Good quality (main algorithm with or without saturation),0b0,Terra,0b0,"Detectors apparently fine for up to 50% of channels 1, 2",0b00,Significant clouds NOT present (clear),0b000,"Main (RT) method used, best result possible (no saturation)"
85,34.15750735,-117.9425384,6/10/2015,h08v05,1402,576,10.6000004,64.3000031,0,0b00000000,0b0,Good quality (main algorithm with or without saturation),0b0,Terra,0b0,"Detectors apparently fine for up to 50% of channels 1, 2",0b00,Significant clouds NOT present (clear),0b000,"Main (RT) method used, best result possible (no saturation)"
85,34.15750735,-117.9425384,6/18/2015,h08v05,1402,576,4.9000001,75.4000015,0,0b00000000,0b0,Good quality (main algorithm with or without saturation),0b0,Terra,0b0,"Detectors apparently fine for up to 50% of channels 1, 2",0b00,Significant clouds NOT present (clear),0b000,"Main (RT) method used, best result possible (no saturation)"
85,34.15750735,-117.9425384,6/26/2015,h08v05,1402,576,4.3000002,67.3000031,0,0b00000000,0b0,Good quality (main algorithm with or without saturation),0b0,Terra,0b0,"Detectors apparently fine for up to 50% of channels 1, 2",0b00,Significant clouds NOT present (clear),0b000,"Main (RT) method used, best result possible (no saturation)"
85,34.15750735,-117.9425384,7/4/2015,h08v05,1402,576,10.6000004,61.1000023,0,0b00000000,0b0,Good quality (main algorithm with or without saturation),0b0,Terra,0b0,"Detectors apparently fine for up to 50% of channels 1, 2",0b00,Significant clouds NOT present (clear),0b000,"Main (RT) method used, best result possible (no saturation)"
85,34.15750735,-117.9425384,7/12/2015,h08v05,1402,576,6.5,63.2999992,0,0b00000000,0b0,Good quality (main algorithm with or without saturation),0b0,Terra,0b0,"Detectors apparently fine for up to 50% of channels 1, 2",0b00,Significant clouds NOT present (clear),0b000,"Main (RT) method used, best result possible (no saturation)"
85,34.15750735,-117.9425384,7/20/2015,h08v05,1402,576,12.5,64,0,0b00000000,0b0,Good quality (main algorithm with or without saturation),0b0,Terra,0b0,"Detectors apparently fine for up to 50% of channels 1, 2",0b00,Significant clouds NOT present (clear),0b000,"Main (RT) method used, best result possible (no saturation)"
85,34.15750735,-117.9425384,7/28/2015,h08v05,1402,576,7.5999999,65.4000015,0,0b00000000,0b0,Good quality (main algorithm with or without saturation),0b0,Terra,0b0,"Detectors apparently fine for up to 50% of channels 1, 2",0b00,Significant clouds NOT present (clear),0b000,"Main (RT) method used, best result possible (no saturation)"
85,34.15750735,-117.9425384,8/5/2015,h08v05,1402,576,7.5999999,62.5,0,0b00000000,0b0,Good quality (main algorithm with or without saturation),0b0,Terra,0b0,"Detectors apparently fine for up to 50% of channels 1, 2",0b00,Significant clouds NOT present (clear),0b000,"Main (RT) method used, best result possible (no saturation)"
85,34.15750735,-117.9425384,8/13/2015,h08v05,1402,576,4.7000003,68.8000031,0,0b00000000,0b0,Good quality (main algorithm with or without saturation),0b0,Terra,0b0,"Detectors apparently fine for up to 50% of channels 1, 2",0b00,Significant clouds NOT present (clear),0b000,"Main (RT) method used, best result possible (no saturation)"
85,34.15750735,-117.9425384,8/21/2015,h08v05,1402,576,6.3000002,61.5,0,0b00000000,0b0,Good quality (main algorithm with or without saturation),0b0,Terra,0b0,"Detectors apparently fine for up to 50% of channels 1, 2",0b00,Significant clouds NOT present (clear),0b000,"Main (RT) method used, best result possible (no saturation)"
85,34.15750735,-117.9425384,8/29/2015,h08v05,1402,576,5.8000002,53.6000023,0,0b00000000,0b0,Good quality (main algorithm with or without saturation),0b0,Terra,0b0,"Detectors apparently fine for up to 50% of channels 1, 2",0b00,Significant clouds NOT present (clear),0b000,"Main (RT) method used, best result possible (no saturation)"
85,34.15750735,-117.9425384,9/6/2015,h08v05,1402,576,3.4000001,65.7000046,0,0b00000000,0b0,Good quality (main algorithm with or without saturation),0b0,Terra,0b0,"Detectors apparently fine for up to 50% of channels 1, 2",0b00,Significant clouds NOT present (clear),0b000,"Main (RT) method used, best result possible (no saturation)"
85,34.15750735,-117.9425384,9/14/2015,h08v05,1402,576,7.8000002,53.7999992,0,0b00000000,0b0,Good quality (main algorithm with or without saturation),0b0,Terra,0b0,"Detectors apparently fine for up to 50% of channels 1, 2",0b00,Significant clouds NOT present (clear),0b000,"Main (RT) method used, best result possible (no saturation)"
85,34.15750735,-117.9425384,9/22/2015,h08v05,1402,576,4.5,56.1000023,0,0b00000000,0b0,Good quality (main algorithm with or without saturation),0b0,Terra,0b0,"Detectors apparently fine for up to 50% of channels 1, 2",0b00,Significant clouds NOT present (clear),0b000,"Main (RT) method used, best result possible (no saturation)"
85,34.15750735,-117.9425384,9/30/2015,h08v05,1402,576,6.8000002,44.2000008,0,0b00000000,0b0,Good quality (main algorithm with or without saturation),0b0,Terra,0b0,"Detectors apparently fine for up to 50% of channels 1, 2",0b00,Significant clouds NOT present (clear),0b000,"Main (RT) method used, best result possible (no saturation)"
85,34.15750735,-117.9425384,10/8/2015,h08v05,1402,576,4.0999999,53.1000023,0,0b00000000,0b0,Good quality (main algorithm with or without saturation),0b0,Terra,0b0,"Detectors apparently fine for up to 50% of channels 1, 2",0b00,Significant clouds NOT present (clear),0b000,"Main (RT) method used, best result possible (no saturation)"
85,34.15750735,-117.9425384,10/16/2015,h08v05,1402,576,6.8000002,37.1000023,0,0b00000000,0b0,Good quality (main algorithm with or without saturation),0b0,Terra,0b0,"Detectors apparently fine for up to 50% of channels 1, 2",0b00,Significant clouds NOT present (clear),0b000,"Main (RT) method used, best result possible (no saturation)"
85,34.15750735,-117.9425384,10/24/2015,h08v05,1402,576,2.8,45.5,0,0b00000000,0b0,Good quality (main algorithm with or without saturation),0b0,Terra,0b0,"Detectors apparently fine for up to 50% of channels 1, 2",0b00,Significant clouds NOT present (clear),0b000,"Main (RT) method used, best result possible (no saturation)"
85,34.15750735,-117.9425384,11/1/2015,h08v05,1402,576,4,38.7000008,0,0b00000000,0b0,Good quality (main algorithm with or without saturation),0b0,Terra,0b0,"Detectors apparently fine for up to 50% of channels 1, 2",0b00,Significant clouds NOT present (clear),0b000,"Main (RT) method used, best result possible (no saturation)"
85,34.15750735,-117.9425384,11/9/2015,h08v05,1402,576,4.0999999,32.5,0,0b00000000,0b0,Good quality (main algorithm with or without saturation),0b0,Terra,0b0,"Detectors apparently fine for up to 50% of channels 1, 2",0b00,Significant clouds NOT present (clear),0b000,"Main (RT) method used, best result possible (no saturation)"
85,34.15750735,-117.9425384,11/17/2015,h08v05,1402,576,2.8,40.6000023,0,0b00000000,0b0,Good quality (main algorithm with or without saturation),0b0,Terra,0b0,"Detectors apparently fine for up to 50% of channels 1, 2",0b00,Significant clouds NOT present (clear),0b000,"Main (RT) method used, best result possible (no saturation)"
85,34.15750735,-117.9425384,11/25/2015,h08v05,1402,576,3,29.2000008,16,0b00010000,0b0,Good quality (main algorithm with or without saturation),0b0,Terra,0b0,"Detectors apparently fine for up to 50% of channels 1, 2",0b10,Mixed cloud present on pixel,0b000,"Main (RT) method used, best result possible (no saturation)"
85,34.15750735,-117.9425384,12/3/2015,h08v05,1402,576,3.1000001,34.4000015,16,0b00010000,0b0,Good quality (main algorithm with or without saturation),0b0,Terra,0b0,"Detectors apparently fine for up to 50% of channels 1, 2",0b10,Mixed cloud present on pixel,0b000,"Main (RT) method used, best result possible (no saturation)"
85,34.15750735,-117.9425384,12/11/2015,h08v05,1402,576,3.6000001,24,0,0b00000000,0b0,Good quality (main algorithm with or without saturation),0b0,Terra,0b0,"Detectors apparently fine for up to 50% of channels 1, 2",0b00,Significant clouds NOT present (clear),0b000,"Main (RT) method used, best result possible (no saturation)"
85,34.15750735,-117.9425384,12/19/2015,h08v05,1402,576,4.3000002,19.8999996,8,0b00001000,0b0,Good quality (main algorithm with or without saturation),0b0,Terra,0b0,"Detectors apparently fine for up to 50% of channels 1, 2",0b01,Significant clouds WERE present,0b000,"Main (RT) method used, best result possible (no saturation)"
85,34.15750735,-117.9425384,12/27/2015,h08v05,1402,576,2,16.6000004,0,0b00000000,0b0,Good quality (main algorithm with or without saturation),0b0,Terra,0b0,"Detectors apparently fine for up to 50% of channels 1, 2",0b00,Significant clouds NOT present (clear),0b000,"Main (RT) method used, best result possible (no saturation)"
85,34.15750735,-117.9425384,1/1/2016,h08v05,1402,576,5.2000003,18.2000008,0,0b00000000,0b0,Good quality (main algorithm with or without saturation),0b0,Terra,0b0,"Detectors apparently fine for up to 50% of channels 1, 2",0b00,Significant clouds NOT present (clear),0b000,"Main (RT) method used, best result possible (no saturation)"
85,34.15750735,-117.9425384,1/9/2016,h08v05,1402,576,5.4000001,21.3999996,16,0b00010000,0b0,Good quality (main algorithm with or without saturation),0b0,Terra,0b0,"Detectors apparently fine for up to 50% of channels 1, 2",0b10,Mixed cloud present on pixel,0b000,"Main (RT) method used, best result possible (no saturation)"
85,34.15750735,-117.9425384,1/17/2016,h08v05,1402,576,6.2000003,20.8999996,16,0b00010000,0b0,Good quality (main algorithm with or without saturation),0b0,Terra,0b0,"Detectors apparently fine for up to 50% of channels 1, 2",0b10,Mixed cloud present on pixel,0b000,"Main (RT) method used, best result possible (no saturation)"
85,34.15750735,-117.9425384,1/25/2016,h08v05,1402,576,4.8000002,28.5,0,0b00000000,0b0,Good quality (main algorithm with or without saturation),0b0,Terra,0b0,"Detectors apparently fine for up to 50% of channels 1, 2",0b00,Significant clouds NOT present (clear),0b000,"Main (RT) method used, best result possible (no saturation)"
85,34.15750735,-117.9425384,2/2/2016,h08v05,1402,576,4.2000003,36.2999992,0,0b00000000,0b0,Good quality (main algorithm with or without saturation),0b0,Terra,0b0,"Detectors apparently fine for up to 50% of channels 1, 2",0b00,Significant clouds NOT present (clear),0b000,"Main (RT) method used, best result possible (no saturation)"
85,34.15750735,-117.9425384,2/10/2016,h08v05,1402,576,3.9000001,47.6000023,0,0b00000000,0b0,Good quality (main algorithm with or without saturation),0b0,Terra,0b0,"Detectors apparently fine for up to 50% of channels 1, 2",0b00,Significant clouds NOT present (clear),0b000,"Main (RT) method used, best result possible (no saturation)"
85,34.15750735,-117.9425384,2/18/2016,h08v05,1402,576,5.3000002,42.2999992,255,0b11111111,0b1,Other Quality (back-up algorithm or fill values),0b1,Aqua,0b1,Dead detectors caused >50% adjacent detector retrieval,0b11,"Cloud state not defined, assumed clear",0b111,
85,34.15750735,-117.9425384,2/26/2016,h08v05,1402,576,6.0999999,45.2999992,0,0b00000000,0b0,Good quality (main algorithm with or without saturation),0b0,Terra,0b0,"Detectors apparently fine for up to 50% of channels 1, 2",0b00,Significant clouds NOT present (clear),0b000,"Main (RT) method used, best result possible (no saturation)"
85,34.15750735,-117.9425384,3/5/2016,h08v05,1402,576,11.9000006,32.9000015,0,0b00000000,0b0,Good quality (main algorithm with or without saturation),0b0,Terra,0b0,"Detectors apparently fine for up to 50% of channels 1, 2",0b00,Significant clouds NOT present (clear),0b000,"Main (RT) method used, best result possible (no saturation)"
85,34.15750735,-117.9425384,3/13/2016,h08v05,1402,576,12.9000006,45.7999992,0,0b00000000,0b0,Good quality (main algorithm with or without saturation),0b0,Terra,0b0,"Detectors apparently fine for up to 50% of channels 1, 2",0b00,Significant clouds NOT present (clear),0b000,"Main (RT) method used, best result possible (no saturation)"
85,34.15750735,-117.9425384,3/21/2016,h08v05,1402,576,11.6999998,44.2000008,0,0b00000000,0b0,Good quality (main algorithm with or without saturation),0b0,Terra,0b0,"Detectors apparently fine for up to 50% of channels 1, 2",0b00,Significant clouds NOT present (clear),0b000,"Main (RT) method used, best result possible (no saturation)"
85,34.15750735,-117.9425384,3/29/2016,h08v05,1402,576,13.1000004,49,0,0b00000000,0b0,Good quality (main algorithm with or without saturation),0b0,Terra,0b0,"Detectors apparently fine for up to 50% of channels 1, 2",0b00,Significant clouds NOT present (clear),0b000,"Main (RT) method used, best result possible (no saturation)"
85,34.15750735,-117.9425384,4/6/2016,h08v05,1402,576,14.6999998,37.1000023,0,0b00000000,0b0,Good quality (main algorithm with or without saturation),0b0,Terra,0b0,"Detectors apparently fine for up to 50% of channels 1, 2",0b00,Significant clouds NOT present (clear),0b000,"Main (RT) method used, best result possible (no saturation)"
85,34.15750735,-117.9425384,4/14/2016,h08v05,1402,576,14.4000006,64,0,0b00000000,0b0,Good quality (main algorithm with or without saturation),0b0,Terra,0b0,"Detectors apparently fine for up to 50% of channels 1, 2",0b00,Significant clouds NOT present (clear),0b000,"Main (RT) method used, best result possible (no saturation)"
85,34.15750735,-117.9425384,4/22/2016,h08v05,1402,576,15.1000004,51,0,0b00000000,0b0,Good quality (main algorithm with or without saturation),0b0,Terra,0b0,"Detectors apparently fine for up to 50% of channels 1, 2",0b00,Significant clouds NOT present (clear),0b000,"Main (RT) method used, best result possible (no saturation)"
85,34.15750735,-117.9425384,4/30/2016,h08v05,1402,576,14.4000006,48.5,0,0b00000000,0b0,Good quality (main algorithm with or without saturation),0b0,Terra,0b0,"Detectors apparently fine for up to 50% of channels 1, 2",0b00,Significant clouds NOT present (clear),0b000,"Main (RT) method used, best result possible (no saturation)"
85,34.15750735,-117.9425384,5/8/2016,h08v05,1402,576,16.8000011,53.2000008,0,0b00000000,0b0,Good quality (main algorithm with or without saturation),0b0,Terra,0b0,"Detectors apparently fine for up to 50% of channels 1, 2",0b00,Significant clouds NOT present (clear),0b000,"Main (RT) method used, best result possible (no saturation)"
85,34.15750735,-117.9425384,5/16/2016,h08v05,1402,576,13.5,55.5,0,0b00000000,0b0,Good quality (main algorithm with or without saturation),0b0,Terra,0b0,"Detectors apparently fine for up to 50% of channels 1, 2",0b00,Significant clouds NOT present (clear),0b000,"Main (RT) method used, best result possible (no saturation)"
85,34.15750735,-117.9425384,5/24/2016,h08v05,1402,576,14.6999998,51.7999992,0,0b00000000,0b0,Good quality (main algorithm with or without saturation),0b0,Terra,0b0,"Detectors apparently fine for up to 50% of channels 1, 2",0b00,Significant clouds NOT present (clear),0b000,"Main (RT) method used, best result possible (no saturation)"
85,34.15750735,-117.9425384,6/1/2016,h08v05,1402,576,10.6000004,69.9000015,0,0b00000000,0b0,Good quality (main algorithm with or without saturation),0b0,Terra,0b0,"Detectors apparently fine for up to 50% of channels 1, 2",0b00,Significant clouds NOT present (clear),0b000,"Main (RT) method used, best result possible (no saturation)"
85,34.15750735,-117.9425384,6/9/2016,h08v05,1402,576,14.6999998,58.2000008,0,0b00000000,0b0,Good quality (main algorithm with or without saturation),0b0,Terra,0b0,"Detectors apparently fine for up to 50% of channels 1, 2",0b00,Significant clouds NOT present (clear),0b000,"Main (RT) method used, best result possible (no saturation)"
85,34.15750735,-117.9425384,6/17/2016,h08v05,1402,576,6.3000002,74.8000031,0,0b00000000,0b0,Good quality (main algorithm with or without saturation),0b0,Terra,0b0,"Detectors apparently fine for up to 50% of channels 1, 2",0b00,Significant clouds NOT present (clear),0b000,"Main (RT) method used, best result possible (no saturation)"
85,34.15750735,-117.9425384,6/25/2016,h08v05,1402,576,1.2,72.4000015,0,0b00000000,0b0,Good quality (main algorithm with or without saturation),0b0,Terra,0b0,"Detectors apparently fine for up to 50% of channels 1, 2",0b00,Significant clouds NOT present (clear),0b000,"Main (RT) method used, best result possible (no saturation)"
85,34.15750735,-117.9425384,7/3/2016,h08v05,1402,576,3.2,65.2000046,0,0b00000000,0b0,Good quality (main algorithm with or without saturation),0b0,Terra,0b0,"Detectors apparently fine for up to 50% of channels 1, 2",0b00,Significant clouds NOT present (clear),0b000,"Main (RT) method used, best result possible (no saturation)"
85,34.15750735,-117.9425384,7/11/2016,h08v05,1402,576,2.3,71.7000046,0,0b00000000,0b0,Good quality (main algorithm with or without saturation),0b0,Terra,0b0,"Detectors apparently fine for up to 50% of channels 1, 2",0b00,Significant clouds NOT present (clear),0b000,"Main (RT) method used, best result possible (no saturation)"
85,34.15750735,-117.9425384,7/19/2016,h08v05,1402,576,0.6,79.4000015,0,0b00000000,0b0,Good quality (main algorithm with or without saturation),0b0,Terra,0b0,"Detectors apparently fine for up to 50% of channels 1, 2",0b00,Significant clouds NOT present (clear),0b000,"Main (RT) method used, best result possible (no saturation)"
85,34.15750735,-117.9425384,7/27/2016,h08v05,1402,576,2,70.3000031,0,0b00000000,0b0,Good quality (main algorithm with or without saturation),0b0,Terra,0b0,"Detectors apparently fine for up to 50% of channels 1, 2",0b00,Significant clouds NOT present (clear),0b000,"Main (RT) method used, best result possible (no saturation)"
85,34.15750735,-117.9425384,8/4/2016,h08v05,1402,576,3,61.7000008,0,0b00000000,0b0,Good quality (main algorithm with or without saturation),0b0,Terra,0b0,"Detectors apparently fine for up to 50% of channels 1, 2",0b00,Significant clouds NOT present (clear),0b000,"Main (RT) method used, best result possible (no saturation)"
85,34.15750735,-117.9425384,8/12/2016,h08v05,1402,576,1,72.7000046,0,0b00000000,0b0,Good quality (main algorithm with or without saturation),0b0,Terra,0b0,"Detectors apparently fine for up to 50% of channels 1, 2",0b00,Significant clouds NOT present (clear),0b000,"Main (RT) method used, best result possible (no saturation)"
85,34.15750735,-117.9425384,8/20/2016,h08v05,1402,576,2.3,60.7999992,0,0b00000000,0b0,Good quality (main algorithm with or without saturation),0b0,Terra,0b0,"Detectors apparently fine for up to 50% of channels 1, 2",0b00,Significant clouds NOT present (clear),0b000,"Main (RT) method used, best result possible (no saturation)"
85,34.15750735,-117.9425384,8/28/2016,h08v05,1402,576,3.2,59.7000008,0,0b00000000,0b0,Good quality (main algorithm with or without saturation),0b0,Terra,0b0,"Detectors apparently fine for up to 50% of channels 1, 2",0b00,Significant clouds NOT present (clear),0b000,"Main (RT) method used, best result possible (no saturation)"
85,34.15750735,-117.9425384,9/5/2016,h08v05,1402,576,3.2,55.7999992,0,0b00000000,0b0,Good quality (main algorithm with or without saturation),0b0,Terra,0b0,"Detectors apparently fine for up to 50% of channels 1, 2",0b00,Significant clouds NOT present (clear),0b000,"Main (RT) method used, best result possible (no saturation)"
85,34.15750735,-117.9425384,9/13/2016,h08v05,1402,576,4.0999999,55.2000008,0,0b00000000,0b0,Good quality (main algorithm with or without saturation),0b0,Terra,0b0,"Detectors apparently fine for up to 50% of channels 1, 2",0b00,Significant clouds NOT present (clear),0b000,"Main (RT) method used, best result possible (no saturation)"
85,34.15750735,-117.9425384,9/21/2016,h08v05,1402,576,2.5,58.7999992,0,0b00000000,0b0,Good quality (main algorithm with or without saturation),0b0,Terra,0b0,"Detectors apparently fine for up to 50% of channels 1, 2",0b00,Significant clouds NOT present (clear),0b000,"Main (RT) method used, best result possible (no saturation)"
85,34.15750735,-117.9425384,9/29/2016,h08v05,1402,576,2.1000001,52.4000015,0,0b00000000,0b0,Good quality (main algorithm with or without saturation),0b0,Terra,0b0,"Detectors apparently fine for up to 50% of channels 1, 2",0b00,Significant clouds NOT present (clear),0b000,"Main (RT) method used, best result possible (no saturation)"
85,34.15750735,-117.9425384,10/7/2016,h08v05,1402,576,1.7,53.4000015,0,0b00000000,0b0,Good quality (main algorithm with or without saturation),0b0,Terra,0b0,"Detectors apparently fine for up to 50% of channels 1, 2",0b00,Significant clouds NOT present (clear),0b000,"Main (RT) method used, best result possible (no saturation)"
85,34.15750735,-117.9425384,10/15/2016,h08v05,1402,576,3.1000001,46.2000008,0,0b00000000,0b0,Good quality (main algorithm with or without saturation),0b0,Terra,0b0,"Detectors apparently fine for up to 50% of channels 1, 2",0b00,Significant clouds NOT present (clear),0b000,"Main (RT) method used, best result possible (no saturation)"
85,34.15750735,-117.9425384,10/23/2016,h08v05,1402,576,4.3000002,37.5,0,0b00000000,0b0,Good quality (main algorithm with or without saturation),0b0,Terra,0b0,"Detectors apparently fine for up to 50% of channels 1, 2",0b00,Significant clouds NOT present (clear),0b000,"Main (RT) method used, best result possible (no saturation)"
85,34.15750735,-117.9425384,10/31/2016,h08v05,1402,576,2.4000001,38.7999992,0,0b00000000,0b0,Good quality (main algorithm with or without saturation),0b0,Terra,0b0,"Detectors apparently fine for up to 50% of channels 1, 2",0b00,Significant clouds NOT present (clear),0b000,"Main (RT) method used, best result possible (no saturation)"
85,34.15750735,-117.9425384,11/8/2016,h08v05,1402,576,0.6,50.7000008,0,0b00000000,0b0,Good quality (main algorithm with or without saturation),0b0,Terra,0b0,"Detectors apparently fine for up to 50% of channels 1, 2",0b00,Significant clouds NOT present (clear),0b000,"Main (RT) method used, best result possible (no saturation)"
85,34.15750735,-117.9425384,11/16/2016,h08v05,1402,576,2.9000001,32.6000023,0,0b00000000,0b0,Good quality (main algorithm with or without saturation),0b0,Terra,0b0,"Detectors apparently fine for up to 50% of channels 1, 2",0b00,Significant clouds NOT present (clear),0b000,"Main (RT) method used, best result possible (no saturation)"
85,34.15750735,-117.9425384,11/24/2016,h08v05,1402,576,4.2000003,31,0,0b00000000,0b0,Good quality (main algorithm with or without saturation),0b0,Terra,0b0,"Detectors apparently fine for up to 50% of channels 1, 2",0b00,Significant clouds NOT present (clear),0b000,"Main (RT) method used, best result possible (no saturation)"
85,34.15750735,-117.9425384,12/2/2016,h08v05,1402,576,3.6000001,28.1000004,0,0b00000000,0b0,Good quality (main algorithm with or without saturation),0b0,Terra,0b0,"Detectors apparently fine for up to 50% of channels 1, 2",0b00,Significant clouds NOT present (clear),0b000,"Main (RT) method used, best result possible (no saturation)"
85,34.15750735,-117.9425384,12/10/2016,h08v05,1402,576,6.8000002,18.8000011,8,0b00001000,0b0,Good quality (main algorithm with or without saturation),0b0,Terra,0b0,"Detectors apparently fine for up to 50% of channels 1, 2",0b01,Significant clouds WERE present,0b000,"Main (RT) method used, best result possible (no saturation)"
85,34.15750735,-117.9425384,12/18/2016,h08v05,1402,576,4,25.6000004,0,0b00000000,0b0,Good quality (main algorithm with or without saturation),0b0,Terra,0b0,"Detectors apparently fine for up to 50% of channels 1, 2",0b00,Significant clouds NOT present (clear),0b000,"Main (RT) method used, best result possible (no saturation)"
85,34.15750735,-117.9425384,12/26/2016,h08v05,1402,576,2.5,21.3999996,16,0b00010000,0b0,Good quality (main algorithm with or without saturation),0b0,Terra,0b0,"Detectors apparently fine for up to 50% of channels 1, 2",0b10,Mixed cloud present on pixel,0b000,"Main (RT) method used, best result possible (no saturation)"
85,34.15750735,-117.9425384,1/1/2017,h08v05,1402,576,6.0999999,17.3999996,8,0b00001000,0b0,Good quality (main algorithm with or without saturation),0b0,Terra,0b0,"Detectors apparently fine for up to 50% of channels 1, 2",0b01,Significant clouds WERE present,0b000,"Main (RT) method used, best result possible (no saturation)"
85,34.15750735,-117.9425384,1/9/2017,h08v05,1402,576,7.5999999,16.8999996,0,0b00000000,0b0,Good quality (main algorithm with or without saturation),0b0,Terra,0b0,"Detectors apparently fine for up to 50% of channels 1, 2",0b00,Significant clouds NOT present (clear),0b000,"Main (RT) method used, best result possible (no saturation)"
85,34.15750735,-117.9425384,1/17/2017,h08v05,1402,576,7,17.3000011,0,0b00000000,0b0,Good quality (main algorithm with or without saturation),0b0,Terra,0b0,"Detectors apparently fine for up to 50% of channels 1, 2",0b00,Significant clouds NOT present (clear),0b000,"Main (RT) method used, best result possible (no saturation)"
85,34.15750735,-117.9425384,1/25/2017,h08v05,1402,576,3.2,33.7999992,0,0b00000000,0b0,Good quality (main algorithm with or without saturation),0b0,Terra,0b0,"Detectors apparently fine for up to 50% of channels 1, 2",0b00,Significant clouds NOT present (clear),0b000,"Main (RT) method used, best result possible (no saturation)"
85,34.15750735,-117.9425384,2/2/2017,h08v05,1402,576,10.1000004,18.6000004,0,0b00000000,0b0,Good quality (main algorithm with or without saturation),0b0,Terra,0b0,"Detectors apparently fine for up to 50% of channels 1, 2",0b00,Significant clouds NOT present (clear),0b000,"Main (RT) method used, best result possible (no saturation)"
85,34.15750735,-117.9425384,2/10/2017,h08v05,1402,576,5.5,31.3000011,0,0b00000000,0b0,Good quality (main algorithm with or without saturation),0b0,Terra,0b0,"Detectors apparently fine for up to 50% of channels 1, 2",0b00,Significant clouds NOT present (clear),0b000,"Main (RT) method used, best result possible (no saturation)"
85,34.15750735,-117.9425384,2/18/2017,h08v05,1402,576,8.6000004,23.2000008,0,0b00000000,0b0,Good quality (main algorithm with or without saturation),0b0,Terra,0b0,"Detectors apparently fine for up to 50% of channels 1, 2",0b00,Significant clouds NOT present (clear),0b000,"Main (RT) method used, best result possible (no saturation)"
85,34.15750735,-117.9425384,2/26/2017,h08v05,1402,576,7.3000002,32.4000015,0,0b00000000,0b0,Good quality (main algorithm with or without saturation),0b0,Terra,0b0,"Detectors apparently fine for up to 50% of channels 1, 2",0b00,Significant clouds NOT present (clear),0b000,"Main (RT) method used, best result possible (no saturation)"
85,34.15750735,-117.9425384,3/6/2017,h08v05,1402,576,6.0999999,49,0,0b00000000,0b0,Good quality (main algorithm with or without saturation),0b0,Terra,0b0,"Detectors apparently fine for up to 50% of channels 1, 2",0b00,Significant clouds NOT present (clear),0b000,"Main (RT) method used, best result possible (no saturation)"
85,34.15750735,-117.9425384,3/14/2017,h08v05,1402,576,8.1000004,49.2999992,0,0b00000000,0b0,Good quality (main algorithm with or without saturation),0b0,Terra,0b0,"Detectors apparently fine for up to 50% of channels 1, 2",0b00,Significant clouds NOT present (clear),0b000,"Main (RT) method used, best result possible (no saturation)"
85,34.15750735,-117.9425384,3/22/2017,h08v05,1402,576,10,40.5,0,0b00000000,0b0,Good quality (main algorithm with or without saturation),0b0,Terra,0b0,"Detectors apparently fine for up to 50% of channels 1, 2",0b00,Significant clouds NOT present (clear),0b000,"Main (RT) method used, best result possible (no saturation)"
85,34.15750735,-117.9425384,3/30/2017,h08v05,1402,576,9.4000006,49.7999992,0,0b00000000,0b0,Good quality (main algorithm with or without saturation),0b0,Terra,0b0,"Detectors apparently fine for up to 50% of channels 1, 2",0b00,Significant clouds NOT present (clear),0b000,"Main (RT) method used, best result possible (no saturation)"
85,34.15750735,-117.9425384,4/7/2017,h08v05,1402,576,10.6000004,46.9000015,0,0b00000000,0b0,Good quality (main algorithm with or without saturation),0b0,Terra,0b0,"Detectors apparently fine for up to 50% of channels 1, 2",0b00,Significant clouds NOT present (clear),0b000,"Main (RT) method used, best result possible (no saturation)"
85,34.15750735,-117.9425384,4/15/2017,h08v05,1402,576,10.1999998,54.6000023,0,0b00000000,0b0,Good quality (main algorithm with or without saturation),0b0,Terra,0b0,"Detectors apparently fine for up to 50% of channels 1, 2",0b00,Significant clouds NOT present (clear),0b000,"Main (RT) method used, best result possible (no saturation)"
85,34.15750735,-117.9425384,4/23/2017,h08v05,1402,576,8.6999998,59.2000008,0,0b00000000,0b0,Good quality (main algorithm with or without saturation),0b0,Terra,0b0,"Detectors apparently fine for up to 50% of channels 1, 2",0b00,Significant clouds NOT present (clear),0b000,"Main (RT) method used, best result possible (no saturation)"
85,34.15750735,-117.9425384,5/1/2017,h08v05,1402,576,9.6999998,54.5,0,0b00000000,0b0,Good quality (main algorithm with or without saturation),0b0,Terra,0b0,"Detectors apparently fine for up to 50% of channels 1, 2",0b00,Significant clouds NOT present (clear),0b000,"Main (RT) method used, best result possible (no saturation)"
85,34.15750735,-117.9425384,5/9/2017,h08v05,1402,576,13.6000004,49.2000008,0,0b00000000,0b0,Good quality (main algorithm with or without saturation),0b0,Terra,0b0,"Detectors apparently fine for up to 50% of channels 1, 2",0b00,Significant clouds NOT present (clear),0b000,"Main (RT) method used, best result possible (no saturation)"
85,34.15750735,-117.9425384,5/17/2017,h08v05,1402,576,6.2000003,68.9000015,0,0b00000000,0b0,Good quality (main algorithm with or without saturation),0b0,Terra,0b0,"Detectors apparently fine for up to 50% of channels 1, 2",0b00,Significant clouds NOT present (clear),0b000,"Main (RT) method used, best result possible (no saturation)"
85,34.15750735,-117.9425384,5/25/2017,h08v05,1402,576,10.5,52.7999992,0,0b00000000,0b0,Good quality (main algorithm with or without saturation),0b0,Terra,0b0,"Detectors apparently fine for up to 50% of channels 1, 2",0b00,Significant clouds NOT present (clear),0b000,"Main (RT) method used, best result possible (no saturation)"
85,34.15750735,-117.9425384,6/2/2017,h08v05,1402,576,7.7000003,61.4000015,0,0b00000000,0b0,Good quality (main algorithm with or without saturation),0b0,Terra,0b0,"Detectors apparently fine for up to 50% of channels 1, 2",0b00,Significant clouds NOT present (clear),0b000,"Main (RT) method used, best result possible (no saturation)"
85,34.15750735,-117.9425384,6/10/2017,h08v05,1402,576,8.3000002,63.4000015,0,0b00000000,0b0,Good quality (main algorithm with or without saturation),0b0,Terra,0b0,"Detectors apparently fine for up to 50% of channels 1, 2",0b00,Significant clouds NOT present (clear),0b000,"Main (RT) method used, best result possible (no saturation)"
85,34.15750735,-117.9425384,6/18/2017,h08v05,1402,576,4,74,0,0b00000000,0b0,Good quality (main algorithm with or without saturation),0b0,Terra,0b0,"Detectors apparently fine for up to 50% of channels 1, 2",0b00,Significant clouds NOT present (clear),0b000,"Main (RT) method used, best result possible (no saturation)"
85,34.15750735,-117.9425384,6/26/2017,h08v05,1402,576,4.5,70.8000031,0,0b00000000,0b0,Good quality (main algorithm with or without saturation),0b0,Terra,0b0,"Detectors apparently fine for up to 50% of channels 1, 2",0b00,Significant clouds NOT present (clear),0b000,"Main (RT) method used, best result possible (no saturation)"
85,34.15750735,-117.9425384,7/4/2017,h08v05,1402,576,3.4000001,71.9000015,0,0b00000000,0b0,Good quality (main algorithm with or without saturation),0b0,Terra,0b0,"Detectors apparently fine for up to 50% of channels 1, 2",0b00,Significant clouds NOT present (clear),0b000,"Main (RT) method used, best result possible (no saturation)"
85,34.15750735,-117.9425384,7/12/2017,h08v05,1402,576,3.8,70.2000046,8,0b00001000,0b0,Good quality (main algorithm with or without saturation),0b0,Terra,0b0,"Detectors apparently fine for up to 50% of channels 1, 2",0b01,Significant clouds WERE present,0b000,"Main (RT) method used, best result possible (no saturation)"
85,34.15750735,-117.9425384,7/20/2017,h08v05,1402,576,3.7,66.7000046,0,0b00000000,0b0,Good quality (main algorithm with or without saturation),0b0,Terra,0b0,"Detectors apparently fine for up to 50% of channels 1, 2",0b00,Significant clouds NOT present (clear),0b000,"Main (RT) method used, best result possible (no saturation)"
85,34.15750735,-117.9425384,7/28/2017,h08v05,1402,576,4.2000003,65.2000046,0,0b00000000,0b0,Good quality (main algorithm with or without saturation),0b0,Terra,0b0,"Detectors apparently fine for up to 50% of channels 1, 2",0b00,Significant clouds NOT present (clear),0b000,"Main (RT) method used, best result possible (no saturation)"
85,34.15750735,-117.9425384,8/5/2017,h08v05,1402,576,4,68.3000031,0,0b00000000,0b0,Good quality (main algorithm with or without saturation),0b0,Terra,0b0,"Detectors apparently fine for up to 50% of channels 1, 2",0b00,Significant clouds NOT present (clear),0b000,"Main (RT) method used, best result possible (no saturation)"
85,34.15750735,-117.9425384,8/13/2017,h08v05,1402,576,5.5999999,59,0,0b00000000,0b0,Good quality (main algorithm with or without saturation),0b0,Terra,0b0,"Detectors apparently fine for up to 50% of channels 1, 2",0b00,Significant clouds NOT present (clear),0b000,"Main (RT) method used, best result possible (no saturation)"
85,34.15750735,-117.9425384,8/21/2017,h08v05,1402,576,3.8,63.5,0,0b00000000,0b0,Good quality (main algorithm with or without saturation),0b0,Terra,0b0,"Detectors apparently fine for up to 50% of channels 1, 2",0b00,Significant clouds NOT present (clear),0b000,"Main (RT) method used, best result possible (no saturation)"
85,34.15750735,-117.9425384,8/29/2017,h08v05,1402,576,2.8,67.5,0,0b00000000,0b0,Good quality (main algorithm with or without saturation),0b0,Terra,0b0,"Detectors apparently fine for up to 50% of channels 1, 2",0b00,Significant clouds NOT present (clear),0b000,"Main (RT) method used, best result possible (no saturation)"
85,34.15750735,-117.9425384,9/6/2017,h08v05,1402,576,4.3000002,55.9000015,0,0b00000000,0b0,Good quality (main algorithm with or without saturation),0b0,Terra,0b0,"Detectors apparently fine for up to 50% of channels 1, 2",0b00,Significant clouds NOT present (clear),0b000,"Main (RT) method used, best result possible (no saturation)"
85,34.15750735,-117.9425384,9/14/2017,h08v05,1402,576,9.4000006,41.6000023,0,0b00000000,0b0,Good quality (main algorithm with or without saturation),0b0,Terra,0b0,"Detectors apparently fine for up to 50% of channels 1, 2",0b00,Significant clouds NOT present (clear),0b000,"Main (RT) method used, best result possible (no saturation)"
85,34.15750735,-117.9425384,9/22/2017,h08v05,1402,576,3.1000001,56.9000015,0,0b00000000,0b0,Good quality (main algorithm with or without saturation),0b0,Terra,0b0,"Detectors apparently fine for up to 50% of channels 1, 2",0b00,Significant clouds NOT present (clear),0b000,"Main (RT) method used, best result possible (no saturation)"
85,34.15750735,-117.9425384,9/30/2017,h08v05,1402,576,4.3000002,48.2000008,0,0b00000000,0b0,Good quality (main algorithm with or without saturation),0b0,Terra,0b0,"Detectors apparently fine for up to 50% of channels 1, 2",0b00,Significant clouds NOT present (clear),0b000,"Main (RT) method used, best result possible (no saturation)"
85,34.15750735,-117.9425384,10/8/2017,h08v05,1402,576,2.8,49.7000008,0,0b00000000,0b0,Good quality (main algorithm with or without saturation),0b0,Terra,0b0,"Detectors apparently fine for up to 50% of channels 1, 2",0b00,Significant clouds NOT present (clear),0b000,"Main (RT) method used, best result possible (no saturation)"
85,34.15750735,-117.9425384,10/16/2017,h08v05,1402,576,2.1000001,49.7999992,0,0b00000000,0b0,Good quality (main algorithm with or without saturation),0b0,Terra,0b0,"Detectors apparently fine for up to 50% of channels 1, 2",0b00,Significant clouds NOT present (clear),0b000,"Main (RT) method used, best result possible (no saturation)"
85,34.15750735,-117.9425384,10/24/2017,h08v05,1402,576,4.0999999,47.9000015,0,0b00000000,0b0,Good quality (main algorithm with or without saturation),0b0,Terra,0b0,"Detectors apparently fine for up to 50% of channels 1, 2",0b00,Significant clouds NOT present (clear),0b000,"Main (RT) method used, best result possible (no saturation)"
85,34.15750735,-117.9425384,11/1/2017,h08v05,1402,576,7,25.1000004,16,0b00010000,0b0,Good quality (main algorithm with or without saturation),0b0,Terra,0b0,"Detectors apparently fine for up to 50% of channels 1, 2",0b10,Mixed cloud present on pixel,0b000,"Main (RT) method used, best result possible (no saturation)"
85,34.15750735,-117.9425384,11/9/2017,h08v05,1402,576,3.2,30.2000008,0,0b00000000,0b0,Good quality (main algorithm with or without saturation),0b0,Terra,0b0,"Detectors apparently fine for up to 50% of channels 1, 2",0b00,Significant clouds NOT present (clear),0b000,"Main (RT) method used, best result possible (no saturation)"
85,34.15750735,-117.9425384,11/17/2017,h08v05,1402,576,2.3,41.5,0,0b00000000,0b0,Good quality (main algorithm with or without saturation),0b0,Terra,0b0,"Detectors apparently fine for up to 50% of channels 1, 2",0b00,Significant clouds NOT present (clear),0b000,"Main (RT) method used, best result possible (no saturation)"
85,34.15750735,-117.9425384,11/25/2017,h08v05,1402,576,2.2,37.7999992,0,0b00000000,0b0,Good quality (main algorithm with or without saturation),0b0,Terra,0b0,"Detectors apparently fine for up to 50% of channels 1, 2",0b00,Significant clouds NOT present (clear),0b000,"Main (RT) method used, best result possible (no saturation)"
85,34.15750735,-117.9425384,12/3/2017,h08v05,1402,576,1.8000001,38.5,0,0b00000000,0b0,Good quality (main algorithm with or without saturation),0b0,Terra,0b0,"Detectors apparently fine for up to 50% of channels 1, 2",0b00,Significant clouds NOT present (clear),0b000,"Main (RT) method used, best result possible (no saturation)"
85,34.15750735,-117.9425384,12/11/2017,h08v05,1402,576,1.5,41.7000008,16,0b00010000,0b0,Good quality (main algorithm with or without saturation),0b0,Terra,0b0,"Detectors apparently fine for up to 50% of channels 1, 2",0b10,Mixed cloud present on pixel,0b000,"Main (RT) method used, best result possible (no saturation)"
85,34.15750735,-117.9425384,12/19/2017,h08v05,1402,576,2.1000001,34.4000015,16,0b00010000,0b0,Good quality (main algorithm with or without saturation),0b0,Terra,0b0,"Detectors apparently fine for up to 50% of channels 1, 2",0b10,Mixed cloud present on pixel,0b000,"Main (RT) method used, best result possible (no saturation)"
85,34.15750735,-117.9425384,12/27/2017,h08v05,1402,576,0.6,27.8999996,0,0b00000000,0b0,Good quality (main algorithm with or without saturation),0b0,Terra,0b0,"Detectors apparently fine for up to 50% of channels 1, 2",0b00,Significant clouds NOT present (clear),0b000,"Main (RT) method used, best result possible (no saturation)"
85,34.15750735,-117.9425384,1/1/2018,h08v05,1402,576,2.9000001,32.5,16,0b00010000,0b0,Good quality (main algorithm with or without saturation),0b0,Terra,0b0,"Detectors apparently fine for up to 50% of channels 1, 2",0b10,Mixed cloud present on pixel,0b000,"Main (RT) method used, best result possible (no saturation)"
85,34.15750735,-117.9425384,1/9/2018,h08v05,1402,576,3.1000001,29.3999996,8,0b00001000,0b0,Good quality (main algorithm with or without saturation),0b0,Terra,0b0,"Detectors apparently fine for up to 50% of channels 1, 2",0b01,Significant clouds WERE present,0b000,"Main (RT) method used, best result possible (no saturation)"
85,34.15750735,-117.9425384,1/17/2018,h08v05,1402,576,3.1000001,32.2000008,0,0b00000000,0b0,Good quality (main algorithm with or without saturation),0b0,Terra,0b0,"Detectors apparently fine for up to 50% of channels 1, 2",0b00,Significant clouds NOT present (clear),0b000,"Main (RT) method used, best result possible (no saturation)"
85,34.15750735,-117.9425384,1/25/2018,h08v05,1402,576,3,37.7000008,0,0b00000000,0b0,Good quality (main algorithm with or without saturation),0b0,Terra,0b0,"Detectors apparently fine for up to 50% of channels 1, 2",0b00,Significant clouds NOT present (clear),0b000,"Main (RT) method used, best result possible (no saturation)"
85,34.15750735,-117.9425384,2/2/2018,h08v05,1402,576,2.3,45.9000015,0,0b00000000,0b0,Good quality (main algorithm with or without saturation),0b0,Terra,0b0,"Detectors apparently fine for up to 50% of channels 1, 2",0b00,Significant clouds NOT present (clear),0b000,"Main (RT) method used, best result possible (no saturation)"
85,34.15750735,-117.9425384,2/10/2018,h08v05,1402,576,4.4000001,32.2000008,0,0b00000000,0b0,Good quality (main algorithm with or without saturation),0b0,Terra,0b0,"Detectors apparently fine for up to 50% of channels 1, 2",0b00,Significant clouds NOT present (clear),0b000,"Main (RT) method used, best result possible (no saturation)"
85,34.15750735,-117.9425384,2/18/2018,h08v05,1402,576,3.5,32.7000008,16,0b00010000,0b0,Good quality (main algorithm with or without saturation),0b0,Terra,0b0,"Detectors apparently fine for up to 50% of channels 1, 2",0b10,Mixed cloud present on pixel,0b000,"Main (RT) method used, best result possible (no saturation)"
85,34.15750735,-117.9425384,2/26/2018,h08v05,1402,576,7.3000002,29.8999996,0,0b00000000,0b0,Good quality (main algorithm with or without saturation),0b0,Terra,0b0,"Detectors apparently fine for up to 50% of channels 1, 2",0b00,Significant clouds NOT present (clear),0b000,"Main (RT) method used, best result possible (no saturation)"
85,34.15750735,-117.9425384,3/6/2018,h08v05,1402,576,7.8000002,36.2999992,0,0b00000000,0b0,Good quality (main algorithm with or without saturation),0b0,Terra,0b0,"Detectors apparently fine for up to 50% of channels 1, 2",0b00,Significant clouds NOT present (clear),0b000,"Main (RT) method used, best result possible (no saturation)"
85,34.15750735,-117.9425384,3/14/2018,h08v05,1402,576,7.8000002,35.7999992,0,0b00000000,0b0,Good quality (main algorithm with or without saturation),0b0,Terra,0b0,"Detectors apparently fine for up to 50% of channels 1, 2",0b00,Significant clouds NOT present (clear),0b000,"Main (RT) method used, best result possible (no saturation)"
85,34.15750735,-117.9425384,3/22/2018,h08v05,1402,576,14.1000004,42.1000023,0,0b00000000,0b0,Good quality (main algorithm with or without saturation),0b0,Terra,0b0,"Detectors apparently fine for up to 50% of channels 1, 2",0b00,Significant clouds NOT present (clear),0b000,"Main (RT) method used, best result possible (no saturation)"
85,34.15750735,-117.9425384,3/30/2018,h08v05,1402,576,14.1000004,44.4000015,16,0b00010000,0b0,Good quality (main algorithm with or without saturation),0b0,Terra,0b0,"Detectors apparently fine for up to 50% of channels 1, 2",0b10,Mixed cloud present on pixel,0b000,"Main (RT) method used, best result possible (no saturation)"
85,34.15750735,-117.9425384,4/7/2018,h08v05,1402,576,13.9000006,54.6000023,0,0b00000000,0b0,Good quality (main algorithm with or without saturation),0b0,Terra,0b0,"Detectors apparently fine for up to 50% of channels 1, 2",0b00,Significant clouds NOT present (clear),0b000,"Main (RT) method used, best result possible (no saturation)"
85,34.15750735,-117.9425384,4/15/2018,h08v05,1402,576,10.6999998,54.2999992,0,0b00000000,0b0,Good quality (main algorithm with or without saturation),0b0,Terra,0b0,"Detectors apparently fine for up to 50% of channels 1, 2",0b00,Significant clouds NOT present (clear),0b000,"Main (RT) method used, best result possible (no saturation)"
85,34.15750735,-117.9425384,4/23/2018,h08v05,1402,576,12.5,54.5,0,0b00000000,0b0,Good quality (main algorithm with or without saturation),0b0,Terra,0b0,"Detectors apparently fine for up to 50% of channels 1, 2",0b00,Significant clouds NOT present (clear),0b000,"Main (RT) method used, best result possible (no saturation)"
85,34.15750735,-117.9425384,5/1/2018,h08v05,1402,576,12,54.9000015,0,0b00000000,0b0,Good quality (main algorithm with or without saturation),0b0,Terra,0b0,"Detectors apparently fine for up to 50% of channels 1, 2",0b00,Significant clouds NOT present (clear),0b000,"Main (RT) method used, best result possible (no saturation)"
85,34.15750735,-117.9425384,5/9/2018,h08v05,1402,576,16.3999996,50.2000008,0,0b00000000,0b0,Good quality (main algorithm with or without saturation),0b0,Terra,0b0,"Detectors apparently fine for up to 50% of channels 1, 2",0b00,Significant clouds NOT present (clear),0b000,"Main (RT) method used, best result possible (no saturation)"
85,34.15750735,-117.9425384,5/17/2018,h08v05,1402,576,18.7000008,48.2000008,16,0b00010000,0b0,Good quality (main algorithm with or without saturation),0b0,Terra,0b0,"Detectors apparently fine for up to 50% of channels 1, 2",0b10,Mixed cloud present on pixel,0b000,"Main (RT) method used, best result possible (no saturation)"
85,34.15750735,-117.9425384,5/25/2018,h08v05,1402,576,14,54.4000015,0,0b00000000,0b0,Good quality (main algorithm with or without saturation),0b0,Terra,0b0,"Detectors apparently fine for up to 50% of channels 1, 2",0b00,Significant clouds NOT present (clear),0b000,"Main (RT) method used, best result possible (no saturation)"
85,34.15750735,-117.9425384,6/2/2018,h08v05,1402,576,10.5,65,0,0b00000000,0b0,Good quality (main algorithm with or without saturation),0b0,Terra,0b0,"Detectors apparently fine for up to 50% of channels 1, 2",0b00,Significant clouds NOT present (clear),0b000,"Main (RT) method used, best result possible (no saturation)"
85,34.15750735,-117.9425384,6/10/2018,h08v05,1402,576,9.4000006,66.3000031,0,0b00000000,0b0,Good quality (main algorithm with or without saturation),0b0,Terra,0b0,"Detectors apparently fine for up to 50% of channels 1, 2",0b00,Significant clouds NOT present (clear),0b000,"Main (RT) method used, best result possible (no saturation)"
85,34.15750735,-117.9425384,6/18/2018,h08v05,1402,576,9.6000004,61.1000023,0,0b00000000,0b0,Good quality (main algorithm with or without saturation),0b0,Terra,0b0,"Detectors apparently fine for up to 50% of channels 1, 2",0b00,Significant clouds NOT present (clear),0b000,"Main (RT) method used, best result possible (no saturation)"
85,34.15750735,-117.9425384,6/26/2018,h08v05,1402,576,7.7000003,63.2000008,0,0b00000000,0b0,Good quality (main algorithm with or without saturation),0b0,Terra,0b0,"Detectors apparently fine for up to 50% of channels 1, 2",0b00,Significant clouds NOT present (clear),0b000,"Main (RT) method used, best result possible (no saturation)"
85,34.15750735,-117.9425384,7/4/2018,h08v05,1402,576,3,71.4000015,0,0b00000000,0b0,Good quality (main algorithm with or without saturation),0b0,Terra,0b0,"Detectors apparently fine for up to 50% of channels 1, 2",0b00,Significant clouds NOT present (clear),0b000,"Main (RT) method used, best result possible (no saturation)"
85,34.15750735,-117.9425384,7/12/2018,h08v05,1402,576,5.7000003,63.4000015,0,0b00000000,0b0,Good quality (main algorithm with or without saturation),0b0,Terra,0b0,"Detectors apparently fine for up to 50% of channels 1, 2",0b00,Significant clouds NOT present (clear),0b000,"Main (RT) method used, best result possible (no saturation)"
85,34.15750735,-117.9425384,7/20/2018,h08v05,1402,576,5.2000003,69.0999985,0,0b00000000,0b0,Good quality (main algorithm with or without saturation),0b0,Terra,0b0,"Detectors apparently fine for up to 50% of channels 1, 2",0b00,Significant clouds NOT present (clear),0b000,"Main (RT) method used, best result possible (no saturation)"
85,34.15750735,-117.9425384,7/28/2018,h08v05,1402,576,3.3,67.5,0,0b00000000,0b0,Good quality (main algorithm with or without saturation),0b0,Terra,0b0,"Detectors apparently fine for up to 50% of channels 1, 2",0b00,Significant clouds NOT present (clear),0b000,"Main (RT) method used, best result possible (no saturation)"
85,34.15750735,-117.9425384,8/5/2018,h08v05,1402,576,2.4000001,64.5,0,0b00000000,0b0,Good quality (main algorithm with or without saturation),0b0,Terra,0b0,"Detectors apparently fine for up to 50% of channels 1, 2",0b00,Significant clouds NOT present (clear),0b000,"Main (RT) method used, best result possible (no saturation)"
85,34.15750735,-117.9425384,8/13/2018,h08v05,1402,576,5,60.6000023,0,0b00000000,0b0,Good quality (main algorithm with or without saturation),0b0,Terra,0b0,"Detectors apparently fine for up to 50% of channels 1, 2",0b00,Significant clouds NOT present (clear),0b000,"Main (RT) method used, best result possible (no saturation)"
85,34.15750735,-117.9425384,8/21/2018,h08v05,1402,576,5.0999999,53.6000023,0,0b00000000,0b0,Good quality (main algorithm with or without saturation),0b0,Terra,0b0,"Detectors apparently fine for up to 50% of channels 1, 2",0b00,Significant clouds NOT present (clear),0b000,"Main (RT) method used, best result possible (no saturation)"
85,34.15750735,-117.9425384,8/29/2018,h08v05,1402,576,4.2000003,51.1000023,0,0b00000000,0b0,Good quality (main algorithm with or without saturation),0b0,Terra,0b0,"Detectors apparently fine for up to 50% of channels 1, 2",0b00,Significant clouds NOT present (clear),0b000,"Main (RT) method used, best result possible (no saturation)"
85,34.15750735,-117.9425384,9/6/2018,h08v05,1402,576,4.0999999,58.2000008,0,0b00000000,0b0,Good quality (main algorithm with or without saturation),0b0,Terra,0b0,"Detectors apparently fine for up to 50% of channels 1, 2",0b00,Significant clouds NOT present (clear),0b000,"Main (RT) method used, best result possible (no saturation)"
85,34.15750735,-117.9425384,9/14/2018,h08v05,1402,576,2.8,59.7000008,0,0b00000000,0b0,Good quality (main algorithm with or without saturation),0b0,Terra,0b0,"Detectors apparently fine for up to 50% of channels 1, 2",0b00,Significant clouds NOT present (clear),0b000,"Main (RT) method used, best result possible (no saturation)"
85,34.15750735,-117.9425384,9/22/2018,h08v05,1402,576,4,53.6000023,0,0b00000000,0b0,Good quality (main algorithm with or without saturation),0b0,Terra,0b0,"Detectors apparently fine for up to 50% of channels 1, 2",0b00,Significant clouds NOT present (clear),0b000,"Main (RT) method used, best result possible (no saturation)"
85,34.15750735,-117.9425384,9/30/2018,h08v05,1402,576,5.8000002,40.5,0,0b00000000,0b0,Good quality (main algorithm with or without saturation),0b0,Terra,0b0,"Detectors apparently fine for up to 50% of channels 1, 2",0b00,Significant clouds NOT present (clear),0b000,"Main (RT) method used, best result possible (no saturation)"
85,34.15750735,-117.9425384,10/8/2018,h08v05,1402,576,4.4000001,37.6000023,0,0b00000000,0b0,Good quality (main algorithm with or without saturation),0b0,Terra,0b0,"Detectors apparently fine for up to 50% of channels 1, 2",0b00,Significant clouds NOT present (clear),0b000,"Main (RT) method used, best result possible (no saturation)"
85,34.15750735,-117.9425384,10/16/2018,h08v05,1402,576,2.9000001,49.1000023,0,0b00000000,0b0,Good quality (main algorithm with or without saturation),0b0,Terra,0b0,"Detectors apparently fine for up to 50% of channels 1, 2",0b00,Significant clouds NOT present (clear),0b000,"Main (RT) method used, best result possible (no saturation)"
85,34.15750735,-117.9425384,10/24/2018,h08v05,1402,576,2.5,47.7000008,0,0b00000000,0b0,Good quality (main algorithm with or without saturation),0b0,Terra,0b0,"Detectors apparently fine for up to 50% of channels 1, 2",0b00,Significant clouds NOT present (clear),0b000,"Main (RT) method used, best result possible (no saturation)"
85,34.15750735,-117.9425384,11/1/2018,h08v05,1402,576,2.4000001,38.4000015,0,0b00000000,0b0,Good quality (main algorithm with or without saturation),0b0,Terra,0b0,"Detectors apparently fine for up to 50% of channels 1, 2",0b00,Significant clouds NOT present (clear),0b000,"Main (RT) method used, best result possible (no saturation)"
85,34.15750735,-117.9425384,11/9/2018,h08v05,1402,576,0.9,45.4000015,0,0b00000000,0b0,Good quality (main algorithm with or without saturation),0b0,Terra,0b0,"Detectors apparently fine for up to 50% of channels 1, 2",0b00,Significant clouds NOT present (clear),0b000,"Main (RT) method used, best result possible (no saturation)"
85,34.15750735,-117.9425384,11/17/2018,h08v05,1402,576,3.4000001,28.2000008,0,0b00000000,0b0,Good quality (main algorithm with or without saturation),0b0,Terra,0b0,"Detectors apparently fine for up to 50% of channels 1, 2",0b00,Significant clouds NOT present (clear),0b000,"Main (RT) method used, best result possible (no saturation)"
85,34.15750735,-117.9425384,11/25/2018,h08v05,1402,576,3.6000001,25.2000008,16,0b00010000,0b0,Good quality (main algorithm with or without saturation),0b0,Terra,0b0,"Detectors apparently fine for up to 50% of channels 1, 2",0b10,Mixed cloud present on pixel,0b000,"Main (RT) method used, best result possible (no saturation)"
85,34.15750735,-117.9425384,12/3/2018,h08v05,1402,576,4.8000002,23,16,0b00010000,0b0,Good quality (main algorithm with or without saturation),0b0,Terra,0b0,"Detectors apparently fine for up to 50% of channels 1, 2",0b10,Mixed cloud present on pixel,0b000,"Main (RT) method used, best result possible (no saturation)"
85,34.15750735,-117.9425384,12/11/2018,h08v05,1402,576,3.9000001,28.3000011,0,0b00000000,0b0,Good quality (main algorithm with or without saturation),0b0,Terra,0b0,"Detectors apparently fine for up to 50% of channels 1, 2",0b00,Significant clouds NOT present (clear),0b000,"Main (RT) method used, best result possible (no saturation)"
85,34.15750735,-117.9425384,12/19/2018,h08v05,1402,576,3.1000001,24.6000004,16,0b00010000,0b0,Good quality (main algorithm with or without saturation),0b0,Terra,0b0,"Detectors apparently fine for up to 50% of channels 1, 2",0b10,Mixed cloud present on pixel,0b000,"Main (RT) method used, best result possible (no saturation)"
85,34.15750735,-117.9425384,12/27/2018,h08v05,1402,576,1.7,16.2000008,8,0b00001000,0b0,Good quality (main algorithm with or without saturation),0b0,Terra,0b0,"Detectors apparently fine for up to 50% of channels 1, 2",0b01,Significant clouds WERE present,0b000,"Main (RT) method used, best result possible (no saturation)"
85,34.15750735,-117.9425384,1/1/2019,h08v05,1402,576,4.7000003,20.5,16,0b00010000,0b0,Good quality (main algorithm with or without saturation),0b0,Terra,0b0,"Detectors apparently fine for up to 50% of channels 1, 2",0b10,Mixed cloud present on pixel,0b000,"Main (RT) method used, best result possible (no saturation)"
85,34.15750735,-117.9425384,1/9/2019,h08v05,1402,576,6.8000002,12.5,16,0b00010000,0b0,Good quality (main algorithm with or without saturation),0b0,Terra,0b0,"Detectors apparently fine for up to 50% of channels 1, 2",0b10,Mixed cloud present on pixel,0b000,"Main (RT) method used, best result possible (no saturation)"
85,34.15750735,-117.9425384,1/17/2019,h08v05,1402,576,5.0999999,23.3000011,0,0b00000000,0b0,Good quality (main algorithm with or without saturation),0b0,Terra,0b0,"Detectors apparently fine for up to 50% of channels 1, 2",0b00,Significant clouds NOT present (clear),0b000,"Main (RT) method used, best result possible (no saturation)"
85,34.15750735,-117.9425384,1/25/2019,h08v05,1402,576,6.8000002,25.7000008,0,0b00000000,0b0,Good quality (main algorithm with or without saturation),0b0,Terra,0b0,"Detectors apparently fine for up to 50% of channels 1, 2",0b00,Significant clouds NOT present (clear),0b000,"Main (RT) method used, best result possible (no saturation)"
85,34.15750735,-117.9425384,2/2/2019,h08v05,1402,576,7.7000003,15.8000002,0,0b00000000,0b0,Good quality (main algorithm with or without saturation),0b0,Terra,0b0,"Detectors apparently fine for up to 50% of channels 1, 2",0b00,Significant clouds NOT present (clear),0b000,"Main (RT) method used, best result possible (no saturation)"
85,34.15750735,-117.9425384,2/10/2019,h08v05,1402,576,7.2000003,19.2000008,0,0b00000000,0b0,Good quality (main algorithm with or without saturation),0b0,Terra,0b0,"Detectors apparently fine for up to 50% of channels 1, 2",0b00,Significant clouds NOT present (clear),0b000,"Main (RT) method used, best result possible (no saturation)"
85,34.15750735,-117.9425384,2/18/2019,h08v05,1402,576,9.4000006,25.7000008,0,0b00000000,0b0,Good quality (main algorithm with or without saturation),0b0,Terra,0b0,"Detectors apparently fine for up to 50% of channels 1, 2",0b00,Significant clouds NOT present (clear),0b000,"Main (RT) method used, best result possible (no saturation)"
85,34.15750735,-117.9425384,2/26/2019,h08v05,1402,576,13,22,16,0b00010000,0b0,Good quality (main algorithm with or without saturation),0b0,Terra,0b0,"Detectors apparently fine for up to 50% of channels 1, 2",0b10,Mixed cloud present on pixel,0b000,"Main (RT) method used, best result possible (no saturation)"
85,34.15750735,-117.9425384,3/6/2019,h08v05,1402,576,12.9000006,27.3000011,0,0b00000000,0b0,Good quality (main algorithm with or without saturation),0b0,Terra,0b0,"Detectors apparently fine for up to 50% of channels 1, 2",0b00,Significant clouds NOT present (clear),0b000,"Main (RT) method used, best result possible (no saturation)"
85,34.15750735,-117.9425384,3/14/2019,h08v05,1402,576,13,40.5,0,0b00000000,0b0,Good quality (main algorithm with or without saturation),0b0,Terra,0b0,"Detectors apparently fine for up to 50% of channels 1, 2",0b00,Significant clouds NOT present (clear),0b000,"Main (RT) method used, best result possible (no saturation)"
85,34.15750735,-117.9425384,3/22/2019,h08v05,1402,576,11.5,38.7999992,0,0b00000000,0b0,Good quality (main algorithm with or without saturation),0b0,Terra,0b0,"Detectors apparently fine for up to 50% of channels 1, 2",0b00,Significant clouds NOT present (clear),0b000,"Main (RT) method used, best result possible (no saturation)"
85,34.15750735,-117.9425384,3/30/2019,h08v05,1402,576,16.7000008,41.6000023,0,0b00000000,0b0,Good quality (main algorithm with or without saturation),0b0,Terra,0b0,"Detectors apparently fine for up to 50% of channels 1, 2",0b00,Significant clouds NOT present (clear),0b000,"Main (RT) method used, best result possible (no saturation)"
85,34.15750735,-117.9425384,4/7/2019,h08v05,1402,576,16.3000011,50.7999992,0,0b00000000,0b0,Good quality (main algorithm with or without saturation),0b0,Terra,0b0,"Detectors apparently fine for up to 50% of channels 1, 2",0b00,Significant clouds NOT present (clear),0b000,"Main (RT) method used, best result possible (no saturation)"
85,34.15750735,-117.9425384,4/15/2019,h08v05,1402,576,14.9000006,50.4000015,0,0b00000000,0b0,Good quality (main algorithm with or without saturation),0b0,Terra,0b0,"Detectors apparently fine for up to 50% of channels 1, 2",0b00,Significant clouds NOT present (clear),0b000,"Main (RT) method used, best result possible (no saturation)"
85,34.15750735,-117.9425384,4/23/2019,h08v05,1402,576,13.8000002,49.7999992,0,0b00000000,0b0,Good quality (main algorithm with or without saturation),0b0,Terra,0b0,"Detectors apparently fine for up to 50% of channels 1, 2",0b00,Significant clouds NOT present (clear),0b000,"Main (RT) method used, best result possible (no saturation)"
85,34.15750735,-117.9425384,5/1/2019,h08v05,1402,576,16.2000008,45,0,0b00000000,0b0,Good quality (main algorithm with or without saturation),0b0,Terra,0b0,"Detectors apparently fine for up to 50% of channels 1, 2",0b00,Significant clouds NOT present (clear),0b000,"Main (RT) method used, best result possible (no saturation)"
85,34.15750735,-117.9425384,5/9/2019,h08v05,1402,576,15.1999998,46.7000008,0,0b00000000,0b0,Good quality (main algorithm with or without saturation),0b0,Terra,0b0,"Detectors apparently fine for up to 50% of channels 1, 2",0b00,Significant clouds NOT present (clear),0b000,"Main (RT) method used, best result possible (no saturation)"
85,34.15750735,-117.9425384,5/17/2019,h08v05,1402,576,19.3000011,46.1000023,0,0b00000000,0b0,Good quality (main algorithm with or without saturation),0b0,Terra,0b0,"Detectors apparently fine for up to 50% of channels 1, 2",0b00,Significant clouds NOT present (clear),0b000,"Main (RT) method used, best result possible (no saturation)"
85,34.15750735,-117.9425384,5/25/2019,h08v05,1402,576,16.5,51.9000015,0,0b00000000,0b0,Good quality (main algorithm with or without saturation),0b0,Terra,0b0,"Detectors apparently fine for up to 50% of channels 1, 2",0b00,Significant clouds NOT present (clear),0b000,"Main (RT) method used, best result possible (no saturation)"
85,34.15750735,-117.9425384,6/2/2019,h08v05,1402,576,17.2000008,59.5,0,0b00000000,0b0,Good quality (main algorithm with or without saturation),0b0,Terra,0b0,"Detectors apparently fine for up to 50% of channels 1, 2",0b00,Significant clouds NOT present (clear),0b000,"Main (RT) method used, best result possible (no saturation)"
85,34.15750735,-117.9425384,6/10/2019,h08v05,1402,576,14.3000002,64.4000015,0,0b00000000,0b0,Good quality (main algorithm with or without saturation),0b0,Terra,0b0,"Detectors apparently fine for up to 50% of channels 1, 2",0b00,Significant clouds NOT present (clear),0b000,"Main (RT) method used, best result possible (no saturation)"
85,34.15750735,-117.9425384,6/18/2019,h08v05,1402,576,17.6000004,54.2000008,0,0b00000000,0b0,Good quality (main algorithm with or without saturation),0b0,Terra,0b0,"Detectors apparently fine for up to 50% of channels 1, 2",0b00,Significant clouds NOT present (clear),0b000,"Main (RT) method used, best result possible (no saturation)"
85,34.15750735,-117.9425384,6/26/2019,h08v05,1402,576,11.1999998,63.9000015,0,0b00000000,0b0,Good quality (main algorithm with or without saturation),0b0,Terra,0b0,"Detectors apparently fine for up to 50% of channels 1, 2",0b00,Significant clouds NOT present (clear),0b000,"Main (RT) method used, best result possible (no saturation)"
85,34.15750735,-117.9425384,7/4/2019,h08v05,1402,576,14.4000006,61.7999992,0,0b00000000,0b0,Good quality (main algorithm with or without saturation),0b0,Terra,0b0,"Detectors apparently fine for up to 50% of channels 1, 2",0b00,Significant clouds NOT present (clear),0b000,"Main (RT) method used, best result possible (no saturation)"
85,34.15750735,-117.9425384,7/12/2019,h08v05,1402,576,8.1000004,73.5999985,0,0b00000000,0b0,Good quality (main algorithm with or without saturation),0b0,Terra,0b0,"Detectors apparently fine for up to 50% of channels 1, 2",0b00,Significant clouds NOT present (clear),0b000,"Main (RT) method used, best result possible (no saturation)"
85,34.15750735,-117.9425384,7/20/2019,h08v05,1402,576,9.1000004,70.5999985,0,0b00000000,0b0,Good quality (main algorithm with or without saturation),0b0,Terra,0b0,"Detectors apparently fine for up to 50% of channels 1, 2",0b00,Significant clouds NOT present (clear),0b000,"Main (RT) method used, best result possible (no saturation)"
85,34.15750735,-117.9425384,7/28/2019,h08v05,1402,576,6.5999999,69.8000031,0,0b00000000,0b0,Good quality (main algorithm with or without saturation),0b0,Terra,0b0,"Detectors apparently fine for up to 50% of channels 1, 2",0b00,Significant clouds NOT present (clear),0b000,"Main (RT) method used, best result possible (no saturation)"
85,34.15750735,-117.9425384,8/5/2019,h08v05,1402,576,6.8000002,67.2000046,0,0b00000000,0b0,Good quality (main algorithm with or without saturation),0b0,Terra,0b0,"Detectors apparently fine for up to 50% of channels 1, 2",0b00,Significant clouds NOT present (clear),0b000,"Main (RT) method used, best result possible (no saturation)"
85,34.15750735,-117.9425384,8/13/2019,h08v05,1402,576,6.0999999,66.4000015,0,0b00000000,0b0,Good quality (main algorithm with or without saturation),0b0,Terra,0b0,"Detectors apparently fine for up to 50% of channels 1, 2",0b00,Significant clouds NOT present (clear),0b000,"Main (RT) method used, best result possible (no saturation)"
85,34.15750735,-117.9425384,8/21/2019,h08v05,1402,576,6.2000003,63.5,0,0b00000000,0b0,Good quality (main algorithm with or without saturation),0b0,Terra,0b0,"Detectors apparently fine for up to 50% of channels 1, 2",0b00,Significant clouds NOT present (clear),0b000,"Main (RT) method used, best result possible (no saturation)"
85,34.15750735,-117.9425384,8/29/2019,h08v05,1402,576,3.4000001,63.2999992,0,0b00000000,0b0,Good quality (main algorithm with or without saturation),0b0,Terra,0b0,"Detectors apparently fine for up to 50% of channels 1, 2",0b00,Significant clouds NOT present (clear),0b000,"Main (RT) method used, best result possible (no saturation)"
85,34.15750735,-117.9425384,9/6/2019,h08v05,1402,576,5.4000001,55,0,0b00000000,0b0,Good quality (main algorithm with or without saturation),0b0,Terra,0b0,"Detectors apparently fine for up to 50% of channels 1, 2",0b00,Significant clouds NOT present (clear),0b000,"Main (RT) method used, best result possible (no saturation)"
85,34.15750735,-117.9425384,9/14/2019,h08v05,1402,576,4.3000002,54.7999992,0,0b00000000,0b0,Good quality (main algorithm with or without saturation),0b0,Terra,0b0,"Detectors apparently fine for up to 50% of channels 1, 2",0b00,Significant clouds NOT present (clear),0b000,"Main (RT) method used, best result possible (no saturation)"
85,34.15750735,-117.9425384,9/22/2019,h08v05,1402,576,8.3000002,46,0,0b00000000,0b0,Good quality (main algorithm with or without saturation),0b0,Terra,0b0,"Detectors apparently fine for up to 50% of channels 1, 2",0b00,Significant clouds NOT present (clear),0b000,"Main (RT) method used, best result possible (no saturation)"
85,34.15750735,-117.9425384,9/30/2019,h08v05,1402,576,3.9000001,50.2000008,0,0b00000000,0b0,Good quality (main algorithm with or without saturation),0b0,Terra,0b0,"Detectors apparently fine for up to 50% of channels 1, 2",0b00,Significant clouds NOT present (clear),0b000,"Main (RT) method used, best result possible (no saturation)"
85,34.15750735,-117.9425384,10/8/2019,h08v05,1402,576,3.8,47,0,0b00000000,0b0,Good quality (main algorithm with or without saturation),0b0,Terra,0b0,"Detectors apparently fine for up to 50% of channels 1, 2",0b00,Significant clouds NOT present (clear),0b000,"Main (RT) method used, best result possible (no saturation)"
85,34.15750735,-117.9425384,10/16/2019,h08v05,1402,576,3.3,49.5,0,0b00000000,0b0,Good quality (main algorithm with or without saturation),0b0,Terra,0b0,"Detectors apparently fine for up to 50% of channels 1, 2",0b00,Significant clouds NOT present (clear),0b000,"Main (RT) method used, best result possible (no saturation)"
85,34.15750735,-117.9425384,10/24/2019,h08v05,1402,576,2.9000001,46,0,0b00000000,0b0,Good quality (main algorithm with or without saturation),0b0,Terra,0b0,"Detectors apparently fine for up to 50% of channels 1, 2",0b00,Significant clouds NOT present (clear),0b000,"Main (RT) method used, best result possible (no saturation)"
85,34.15750735,-117.9425384,11/1/2019,h08v05,1402,576,1.8000001,45.2999992,0,0b00000000,0b0,Good quality (main algorithm with or without saturation),0b0,Terra,0b0,"Detectors apparently fine for up to 50% of channels 1, 2",0b00,Significant clouds NOT present (clear),0b000,"Main (RT) method used, best result possible (no saturation)"
85,34.15750735,-117.9425384,11/9/2019,h08v05,1402,576,3.3,38,0,0b00000000,0b0,Good quality (main algorithm with or without saturation),0b0,Terra,0b0,"Detectors apparently fine for up to 50% of channels 1, 2",0b00,Significant clouds NOT present (clear),0b000,"Main (RT) method used, best result possible (no saturation)"
85,34.15750735,-117.9425384,11/17/2019,h08v05,1402,576,4,30.1000004,0,0b00000000,0b0,Good quality (main algorithm with or without saturation),0b0,Terra,0b0,"Detectors apparently fine for up to 50% of channels 1, 2",0b00,Significant clouds NOT present (clear),0b000,"Main (RT) method used, best result possible (no saturation)"
85,34.15750735,-117.9425384,11/25/2019,h08v05,1402,576,5.8000002,20.8999996,16,0b00010000,0b0,Good quality (main algorithm with or without saturation),0b0,Terra,0b0,"Detectors apparently fine for up to 50% of channels 1, 2",0b10,Mixed cloud present on pixel,0b000,"Main (RT) method used, best result possible (no saturation)"
85,34.15750735,-117.9425384,12/3/2019,h08v05,1402,576,6.5,15.9000006,0,0b00000000,0b0,Good quality (main algorithm with or without saturation),0b0,Terra,0b0,"Detectors apparently fine for up to 50% of channels 1, 2",0b00,Significant clouds NOT present (clear),0b000,"Main (RT) method used, best result possible (no saturation)"
85,34.15750735,-117.9425384,12/11/2019,h08v05,1402,576,4.5999999,24.7000008,16,0b00010000,0b0,Good quality (main algorithm with or without saturation),0b0,Terra,0b0,"Detectors apparently fine for up to 50% of channels 1, 2",0b10,Mixed cloud present on pixel,0b000,"Main (RT) method used, best result possible (no saturation)"
85,34.15750735,-117.9425384,12/19/2019,h08v05,1402,576,5.5999999,20.3000011,8,0b00001000,0b0,Good quality (main algorithm with or without saturation),0b0,Terra,0b0,"Detectors apparently fine for up to 50% of channels 1, 2",0b01,Significant clouds WERE present,0b000,"Main (RT) method used, best result possible (no saturation)"
85,34.15750735,-117.9425384,12/27/2019,h08v05,1402,576,3.2,12.1999998,0,0b00000000,0b0,Good quality (main algorithm with or without saturation),0b0,Terra,0b0,"Detectors apparently fine for up to 50% of channels 1, 2",0b00,Significant clouds NOT present (clear),0b000,"Main (RT) method used, best result possible (no saturation)"
